Timestamp,X Accel,Y Accel,Z Accel
56:57.2,0.059999999,-1.529999971,-9.960000038
56:57.5,-0.140000001,-1.570000052,-9.670000076
56:57.8,-0.02,-1.350000024,-9.050000191
56:58.1,0.170000002,-1.059999943,-8.229999542
56:58.5,0.579999983,-0.479999989,-5.800000191
56:58.8,0.340000004,-0.779999971,-4.070000172
56:59.1,0.550000012,-0.059999999,-3
56:59.4,0.370000005,-0.75,-1.529999971
56:59.7,0.219999999,-0.109999999,-1.220000029
57:00.0,0.239999995,-0.239999995,-1.070000052
57:00.3,0.49000001,-0.639999986,-0.850000024
57:00.7,0.649999976,-0.579999983,-1.399999976
57:01.0,0.25999999,-0.200000003,-1.440000057
57:01.3,0.340000004,-0.889999986,-1.269999981
57:01.6,0.340000004,-0.769999981,-0.930000007
57:01.9,-0.07,0.159999996,0.140000001
57:02.2,0.550000012,0.039999999,-0.239999995
57:02.5,0.629999995,-0.569999993,0.129999995
57:02.9,0.379999995,-0.540000021,0.569999993
57:03.2,0.360000014,0.059999999,0.159999996
57:03.5,0.639999986,-0.790000021,-0.620000005
57:03.8,0.379999995,-0.829999983,-0.330000013
57:04.1,0.270000011,0.07,-0.090000004
57:04.4,0.579999983,-0.460000008,-0.159999996
57:04.7,0.400000006,0.180000007,-0.360000014
57:05.1,0.25,0.01,-0.029999999
57:05.4,0.469999999,0.039999999,-0.370000005
57:05.7,0.670000017,0.059999999,-0.790000021
57:06.0,0.400000006,-0.039999999,-0.119999997
57:06.3,-0.100000001,-0.419999987,-0.370000005
57:06.6,0.400000006,-0.529999971,-0.209999993
57:06.9,0.389999986,-0.769999981,0.180000007
57:07.3,0.170000002,-0.370000005,0.340000004
57:07.6,0.349999994,-0.800000012,-0.330000013
57:07.9,0.280000001,-0.670000017,-0.180000007
57:08.2,0.469999999,-0.02,-0.360000014
57:08.5,0.519999981,-0.569999993,-1.029999971
57:08.8,0.370000005,-0.25999999,0.209999993
57:09.1,0.439999998,-0.660000026,-0.649999976
57:09.5,0.200000003,0.349999994,-0.090000004
57:09.8,0.370000005,0.230000004,0.439999998
57:10.1,0.310000002,-0.100000001,-0.150000006
57:10.4,-0.01,0.25,0.730000019
57:10.7,0.620000005,-0.109999999,0.100000001
57:11.0,0.419999987,-0.74000001,-0.449999988
57:11.3,0.270000011,-0.129999995,-0.140000001
57:11.7,0.579999983,-0.349999994,-0.850000024
57:12.0,0.219999999,-0.670000017,-0.370000005
57:12.3,0.589999974,-0.02,-0.239999995
57:12.6,0.330000013,0.029999999,-0.239999995
57:12.9,0.75,0.109999999,-0.129999995
57:13.2,0.49000001,-0.050000001,-0.270000011
57:13.5,0.330000013,0.059999999,0.180000007
57:13.9,0.629999995,-0.129999995,0.310000002
57:14.2,0.689999998,0.119999997,-0.209999993
57:14.5,0.569999993,-0.090000004,0.059999999
57:14.8,0.469999999,-0.419999987,-0.150000006
57:15.1,0.479999989,-0.479999989,-0.709999979
57:15.4,0.75999999,-0.5,-0.569999993
57:15.7,0.349999994,0.280000001,-0.01
57:16.1,0.620000005,-0.25999999,-0.589999974
57:16.4,0.469999999,-0.579999983,-0.800000012
57:16.7,0.5,-0.540000021,-0.140000001
57:17.0,0.649999976,0.349999994,0.090000004
57:17.3,0.300000012,-0.239999995,0.620000005
57:17.6,0.209999993,-0.340000004,-0.239999995
57:17.9,0.340000004,0.25,-0.119999997
57:18.3,0.670000017,-0.02,-0.150000006
57:18.6,0.180000007,-0.449999988,-1.919999957
57:18.9,0.230000004,0.01,-2.220000029
57:19.2,-0.029999999,-0.039999999,-4.099999905
57:19.5,0.02,-0.200000003,-3.700000048
57:19.8,0.75,-0.119999997,-5.699999809
57:20.1,0.360000014,-0.219999999,-5.889999866
57:20.5,0.07,-0.529999971,-6.03000021
57:20.8,0.529999971,-0.550000012,-8.729999542
57:21.1,0.280000001,-0.479999989,-9.029999733
57:21.4,0.02,-0.800000012,-9.899999619
57:21.7,-0.02,-0.289999992,-10.32999992
57:22.0,0.469999999,-1.169999957,-12.02999973
57:22.3,-0.02,-0.810000002,-11.98999977
57:22.7,-0.200000003,-0.649999976,-12.46000004
57:23.0,-0.100000001,-1.230000019,-12.48999977
57:23.3,0.090000004,-1.129999995,-11.76000023
57:23.6,0.050000001,-0.620000005,-12.18000031
57:23.9,-0.49000001,-0.839999974,-13.76000023
57:24.2,0.119999997,-0.629999995,-13.25
57:24.5,0,-1.049999952,-14.42000008
57:24.9,0.400000006,-1.25999999,-14.35000038
57:25.2,-0.170000002,-1.179999948,-14.63000011
57:25.5,-0.310000002,-1.570000052,-13.31999969
57:25.8,0.400000006,-1.179999948,-15.15999985
57:26.1,0.310000002,-1.409999967,-15.22999954
57:26.4,0.100000001,-1.25999999,-14.51000023
57:26.7,-0.25999999,-1.110000014,-15.75
57:27.1,0.170000002,-1.169999957,-16.10000038
57:27.4,0.569999993,-1.100000024,-16.03000069
57:27.7,0.340000004,-0.600000024,-16.03000069
57:28.0,-0.07,-1.200000048,-16.27000046
57:28.3,-0.25,-0.769999981,-16.94000053
57:28.6,-0.449999988,-1.320000052,-16.12000084
57:28.9,-0.230000004,-1.230000019,-17.03000069
57:29.3,0.159999996,-1.49000001,-17.20000076
57:29.6,-0.239999995,-1.539999962,-16.90999985
57:29.9,-0.310000002,-1.399999976,-16.26000023
57:30.2,-1.25999999,-1.230000019,-17.18000031
57:30.5,-0.550000012,-1.340000033,-16.05999947
57:30.8,0.379999995,-1.419999957,-16.84000015
57:31.1,0.039999999,-1.289999962,-17.27000046
57:31.4,-0.280000001,-1.120000005,-16.65999985
57:31.8,0.140000001,-1.110000014,-17.01000023
57:32.1,-0.039999999,-1.309999943,-17.11000061
57:32.4,-0.209999993,-0.720000029,-17.37000084
57:32.7,-0.75,-1.860000014,-17.34000015
57:33.0,-0.519999981,-1.710000038,-16.39999962
57:33.3,0.219999999,-1.100000024,-17.47999954
57:33.7,-0.029999999,-0.769999981,-17.46999931
57:34.0,-0.039999999,-0.889999986,-17.12999916
57:34.3,-0.02,-1.159999967,-17.19000053
57:34.6,0.01,-0.970000029,-17.94000053
57:34.9,0.270000011,-1.559999943,-18.12999916
57:35.2,-0.660000026,-1.450000048,-17.39999962
57:35.5,0.140000001,-1.620000005,-17.60000038
57:35.9,-0.600000024,-1.480000019,-17.31999969
57:36.2,0.200000003,-1.480000019,-17.39999962
57:36.5,-0.449999988,-1.539999962,-17.22999954
57:36.8,-0.419999987,-1.230000019,-17.53000069
57:37.1,-0.079999998,-1.129999995,-17.40999985
57:37.4,-0.850000024,-0.980000019,-16.42000008
57:37.7,0.090000004,-1.120000005,-17.43000031
57:38.0,-0.25,-1.620000005,-17.68000031
57:38.4,0.819999993,-1.230000019,-17.14999962
57:38.7,-0.610000014,-1.309999943,-17.86000061
57:39.0,-0.25,-1.279999971,-16.72999954
57:39.3,-0.150000006,-0.899999976,-16.72999954
57:39.6,0.349999994,-0.949999988,-17.03000069
57:39.9,0.280000001,-1.279999971,-16.95999908
57:40.2,0.839999974,-0.379999995,-16.57999992
57:40.6,0.310000002,-1.440000057,-17.43000031
57:40.9,0.079999998,-0.959999979,-17.46999931
57:41.2,-1.070000052,-1.549999952,-17.80999947
57:41.5,0.720000029,-1.149999976,-17.69000053
57:41.8,1.019999981,-0.889999986,-17.93000031
57:42.1,0.720000029,-1.039999962,-17.18000031
57:42.5,-0.050000001,-0.819999993,-16.63999939
57:42.8,-0.02,-1.220000029,-17.81999969
57:43.1,-0.360000014,-1.350000024,-18.04000092
57:43.4,-0.100000001,-0.899999976,-17.23999977
57:43.7,-0.730000019,-1.059999943,-17.13999939
57:44.0,0.100000001,-1.860000014,-17.31999969
57:44.3,-1.059999943,-1.870000005,-16.22999954
57:44.6,-0.670000017,-1.25,-16.78000069
57:44.9,-0.670000017,-1.5,-17.35000038
57:45.3,-0.280000001,-0.25,-16.34000015
57:45.6,-0.589999974,-1.059999943,-15.93000031
57:45.9,0.209999993,-0.899999976,-16.53000069
57:46.2,0.589999974,-1.75,-16.53000069
57:46.5,-0.230000004,-1.399999976,-16.96999931
57:46.8,-0.090000004,-1.720000029,-17.37000084
57:47.2,-0.870000005,-1.100000024,-16.92000008
57:47.5,0.119999997,-1.179999948,-16.96999931
57:47.8,-0.340000004,-0.959999979,-16.95999908
57:48.1,0.370000005,-1.330000043,-17.05999947
57:48.4,0.02,-1.669999957,-17.07999992
57:48.7,-0.079999998,-1.5,-17.46999931
57:49.0,-0.819999993,-1.299999952,-18.34000015
57:49.4,0.140000001,-1.25999999,-16.95999908
57:49.7,0.610000014,-1.669999957,-17.70000076
57:50.0,-0.569999993,-1.5,-16.56999969
57:50.3,-0.800000012,-0.639999986,-15.14000034
57:50.6,-0.560000002,-2.00999999,-16.75
57:50.9,0.50999999,-1.350000024,-16.86000061
57:51.2,-0.239999995,-1.649999976,-17.18000031
57:51.5,-0.75999999,-1.909999967,-15.61999989
57:51.9,-0.790000021,-1.480000019,-16.47999954
57:52.2,-0.389999986,-1.419999957,-16.86000061
57:52.5,0.449999988,-1.480000019,-16.02000046
57:52.8,0.330000013,-1.830000043,-15.42000008
57:53.1,-0.479999989,-1.899999976,-16.37000084
57:53.4,0.059999999,-1.75,-17.15999985
57:53.7,0.569999993,-1.370000005,-16.98999977
57:54.1,-0.730000019,-2.160000086,-15.40999985
57:54.4,0.800000012,-1.149999976,-16.70000076
57:54.7,0.090000004,-2.039999962,-15.96000004
57:55.0,-0.159999996,-1.629999995,-16.13999939
57:55.3,-0.589999974,-1.409999967,-14.44999981
57:55.6,-0.209999993,-1.279999971,-15.64999962
57:56.0,-0.310000002,-1.24000001,-15.68999958
57:56.3,0.239999995,-1.139999986,-14.52000046
57:56.6,-0.050000001,-1.370000005,-15.27000046
57:56.9,0.140000001,-1.659999967,-15.07999992
57:57.2,-0.039999999,-1.830000043,-15.02999973
57:57.5,-0.800000012,-1.559999943,-14.64000034
57:57.8,-0.159999996,-1.779999971,-13.35999966
57:58.1,-0.01,-1.289999962,-13.89000034
57:58.5,-0.119999997,-1.799999952,-13.5
57:58.8,-0.07,-1.690000057,-12.77000046
57:59.1,-0.680000007,-1.309999943,-12.39999962
57:59.4,0,-1.549999952,-12.77000046
57:59.7,-0.140000001,-1.070000052,-12.31000042
58:00.0,-0.360000014,-1.950000048,-12.71000004
58:00.3,-0.270000011,-2.039999962,-12.32999992
58:00.7,-0.039999999,-1.019999981,-11.76000023
58:01.0,-0.059999999,-1.909999967,-12.22999954
58:01.3,0.340000004,-1.210000038,-12.56999969
58:01.6,0.340000004,-1.720000029,-12.15999985
58:01.9,0.270000011,-1.440000057,-11.68999958
58:02.2,0.25999999,-1.129999995,-11.25
58:02.6,-0.230000004,-1.620000005,-11.03999996
58:02.9,0.100000001,-1.220000029,-10.77999973
58:03.2,-0.059999999,-2.019999981,-11.43999958
58:03.5,0.07,-0.939999998,-11.21000004
58:03.8,0.230000004,-1.720000029,-10.60999966
58:04.1,-0.330000013,-1.100000024,-10.25
58:04.4,0.319999993,-1.5,-10.90999985
58:04.7,0.109999999,-1.230000019,-10.71000004
58:05.1,-0.050000001,-1.789999962,-9.630000114
58:05.4,0.189999998,-1.230000019,-9.710000038
58:05.7,-0.150000006,-1.269999981,-8.989999771
58:06.0,0.140000001,-1.090000033,-8.270000458
58:06.3,0.109999999,-1.00999999,-6.340000153
58:06.6,0.150000006,-0.49000001,-5.099999905
58:06.9,0.460000008,-0.860000014,-3.75999999
58:07.3,0.340000004,-0.200000003,-1.769999981
58:07.6,0.469999999,-0.379999995,-1.460000038
58:07.9,0.479999989,-0.579999983,-1.110000014
58:08.2,0.25,-0.949999988,-1.529999971
58:08.5,0.330000013,-0.300000012,-0.730000019
58:08.8,0.560000002,-0.519999981,-1
58:09.1,0.569999993,-0.430000007,-0.959999979
58:09.5,0.540000021,-0.389999986,-1.149999976
58:09.8,0.620000005,0.25,-0.25
58:10.1,0.25999999,0.180000007,-0.389999986
58:10.4,0.330000013,-0.400000006,-1.080000043
58:10.7,0.460000008,-0.529999971,-0.670000017
58:11.0,0.529999971,-0.170000002,-0.930000007
58:11.3,0.379999995,0.059999999,-0.560000002
58:11.7,0.239999995,-0.74000001,-0.620000005
58:12.0,0.430000007,0,0.039999999
58:12.3,0.469999999,-0.119999997,0.200000003
58:12.6,0.330000013,-0.449999988,0.029999999
58:12.9,0.300000012,-0.600000024,0.059999999
58:13.2,0.540000021,-0.689999998,-0.01
58:13.5,0.50999999,0.029999999,0.479999989
58:13.9,0.430000007,-0.039999999,-0.219999999
58:14.2,0.49000001,-0.469999999,-0.319999993
58:14.5,0.340000004,-0.720000029,-0.209999993
58:14.8,0.569999993,-0.050000001,-0.720000029
58:15.1,0.430000007,-0.649999976,-0.610000014
58:15.4,0.340000004,-0.239999995,0.109999999
58:15.7,0.349999994,0.239999995,-0.029999999
58:16.1,0.219999999,-0.340000004,0.100000001
58:16.4,0.529999971,0.140000001,-0.430000007
58:16.7,0.300000012,-0.330000013,-0.310000002
58:17.0,0.379999995,-0.360000014,-0.219999999
58:17.3,0.540000021,0.330000013,-0.02
58:17.6,-0.050000001,0.050000001,-0.01
58:17.9,0.519999981,-0.300000012,-0.180000007
58:18.3,0.219999999,0.090000004,-0.090000004
58:18.6,0.219999999,0.02,-0.129999995
58:18.9,0.25999999,-0.079999998,-0.100000001
58:19.2,0.140000001,-0.289999992,0.370000005
58:19.5,0.170000002,-0.180000007,0.100000001
58:19.8,0.289999992,-0.419999987,-0.129999995
58:20.1,0.300000012,0.349999994,0.119999997
58:20.5,0.409999996,-0.409999996,0.170000002
58:20.8,0.300000012,-0.150000006,0.419999987
58:21.1,0.600000024,-0.140000001,0.209999993
58:21.4,0.280000001,0.100000001,0.720000029
58:21.7,0.209999993,-0.660000026,-0.159999996
58:22.0,0.579999983,-0.319999993,-0.119999997
58:22.3,0.25,-0.01,0.02
58:22.7,0.689999998,-0.029999999,-0.50999999
58:23.0,0.550000012,0,0.239999995
58:23.3,0.560000002,-0.159999996,-0.100000001
58:23.6,0.649999976,0.209999993,0.140000001
58:23.9,0.610000014,-0.090000004,-0.109999999
58:24.2,0.49000001,-0.340000004,-0.109999999
58:24.5,0.050000001,0.219999999,-0.07
58:24.9,0.25,-0.769999981,0.280000001
58:25.2,0.449999988,-0.449999988,-0.379999995
58:25.5,0.230000004,0.090000004,0.059999999
58:25.8,0.379999995,-0.370000005,-1.779999971
58:26.1,0.400000006,-0.109999999,-1.700000048
58:26.4,0.370000005,-0.389999986,-3.309999943
58:26.7,0.5,0.300000012,-2.859999895
58:27.1,0.079999998,-0.119999997,-4.230000019
58:27.4,0.119999997,0.059999999,-3.519999981
58:27.7,0.02,-0.280000001,-4.570000172
58:28.0,0.289999992,-0.379999995,-5.429999828
58:28.3,0.660000026,0,-6.170000076
58:28.6,0.589999974,-0.589999974,-7.75
58:28.9,0.159999996,-0.25,-7.960000038
58:29.3,0.180000007,-0.920000017,-9.43999958
58:29.6,0.180000007,-0.889999986,-10.89000034
58:29.9,0.07,-0.860000014,-10.64999962
58:30.2,-0.170000002,-0.629999995,-11.64999962
58:30.5,-0.280000001,-1.129999995,-12.71000004
58:30.8,0.189999998,-0.920000017,-12.77000046
58:31.1,0.129999995,-0.980000019,-12.59000015
58:31.5,0.219999999,-0.74000001,-13.31000042
58:31.8,0.159999996,-1.450000048,-13.05000019
58:32.1,0.189999998,-1,-13.43999958
58:32.4,0.170000002,-0.959999979,-14.05000019
58:32.7,-0.25999999,-1.090000033,-14.26000023
58:33.0,-0.280000001,-1.149999976,-13.84000015
58:33.3,0.330000013,-1.320000052,-14.94999981
58:33.7,-0.569999993,-1.269999981,-14.39999962
58:34.0,-0.50999999,-1.190000057,-14.46000004
58:34.3,-0.680000007,-1.49000001,-15.52000046
58:34.6,-0.100000001,-1.220000029,-15.09000015
58:34.9,0.50999999,-1.309999943,-16.5
58:35.2,-0.540000021,-1.049999952,-16.11000061
58:35.5,-0.5,-1.039999962,-15.22999954
58:35.9,0.49000001,-1.149999976,-16.40999985
58:36.2,-0.109999999,-1.019999981,-16.98999977
58:36.5,0,-1.50999999,-16.97999954
58:36.8,0.02,-1.110000014,-16.5
58:37.1,0.159999996,-1.25,-16.52000046
58:37.4,0.340000004,-1.360000014,-17.27000046
58:37.7,0.119999997,-1.279999971,-15.94999981
58:38.1,-0.680000007,-0.790000021,-16.22999954
58:38.4,0.449999988,-1.019999981,-17.18000031
58:38.7,-0.150000006,-1.230000019,-17.06999969
58:39.0,-0.200000003,-1.220000029,-16.10000038
58:39.3,-0.560000002,-1.25,-15.88000011
58:39.6,-0.540000021,-0.769999981,-15.90999985
58:39.9,0.039999999,-1.159999967,-16.60000038
58:40.2,0.419999987,-1.470000029,-16.72999954
58:40.6,-0.540000021,-1.850000024,-16.12000084
58:40.9,-0.25999999,-1.25,-16.64999962
58:41.2,-0.230000004,-1.409999967,-18
58:41.5,-0.50999999,-1.019999981,-17.62999916
58:41.8,-0.200000003,-1.330000043,-17.79999924
58:42.1,0.540000021,-1.309999943,-18.12999916
58:42.5,0.25999999,-1.279999971,-16.90999985
58:42.8,-0.029999999,-1.139999986,-17.82999992
58:43.1,-0.800000012,-1.049999952,-16.72999954
58:43.4,-0.109999999,-1.350000024,-17.62000084
58:43.7,-0.039999999,-1.620000005,-16.88999939
58:44.0,-0.579999983,-1.529999971,-16.63999939
58:44.3,0.039999999,-1.00999999,-16.77000046
58:44.7,-0.610000014,-1.370000005,-16.17000008
58:45.0,-0.289999992,-1.49000001,-16.05999947
58:45.3,-0.340000004,-0.819999993,-16.14999962
58:45.6,-0.270000011,-1.110000014,-15.65999985
58:45.9,-0.620000005,-1.519999981,-15.97999954
58:46.2,0.109999999,-1.580000043,-16.89999962
58:46.5,-0.569999993,-1.549999952,-16.67000008
58:46.8,0.100000001,-1.149999976,-16.79000092
58:47.2,-1.669999957,-1.25,-17.45999908
58:47.5,0.550000012,-1.090000033,-17.28000069
58:47.8,-0.25999999,-1.070000052,-16.73999977
58:48.1,0.02,-1.460000038,-16.56999969
58:48.4,-0.25,-0.460000008,-15.80000019
58:48.7,0.360000014,-1.24000001,-16.59000015
58:49.0,0.5,-1.070000052,-16.77000046
58:49.4,0.07,-1.639999986,-15.85999966
58:49.7,-0.109999999,-1.210000038,-16.89999962
58:50.0,0.039999999,-0.280000001,-17.04999924
58:50.3,0.540000021,-0.99000001,-16.86000061
58:50.6,-0.200000003,-1.50999999,-16.89999962
58:50.9,0.159999996,-1.470000029,-16.65999985
58:51.3,-0.560000002,-1.24000001,-16.55999947
58:51.6,-0.689999998,-1.769999981,-16.57999992
58:51.9,-0.959999979,-1.100000024,-17.12000084
58:52.2,0.370000005,-0.899999976,-17.39999962
58:52.5,0.75999999,-1.100000024,-17.44000053
58:52.8,0.209999993,-0.889999986,-15.81000042
58:53.1,-0.230000004,-1.419999957,-16.23999977
58:53.4,-0.360000014,-0.800000012,-15.82999992
58:53.8,-0.340000004,-1.200000048,-16.87000084
58:54.1,-0.800000012,-1.75999999,-16.84000015
58:54.4,0.029999999,-1.25,-16.10000038
58:54.7,-0.189999998,-0.460000008,-16.22999954
58:55.0,-0.150000006,-1.24000001,-16.54000092
58:55.3,-0.300000012,-1.480000019,-16.65999985
58:55.6,0.310000002,-1.299999952,-16.36000061
58:56.0,0.029999999,-0.689999998,-16.57999992
58:56.3,-0.039999999,-1.129999995,-17
58:56.6,-0.439999998,-2.059999943,-16.36000061
58:56.9,0.25,-1.309999943,-17.70999908
58:57.2,-0.519999981,-1.629999995,-16.57999992
58:57.5,-0.349999994,-1.25,-16.54999924
58:57.8,-0.159999996,-1.710000038,-17.13999939
58:58.2,-0.389999986,-1.379999995,-16.95000076
58:58.5,-0.280000001,-1.940000057,-16.90999985
58:58.8,-0.289999992,-1.320000052,-17.19000053
58:59.1,-0.730000019,-1.639999986,-17.63999939
58:59.4,0.059999999,-1.840000033,-17.79999924
58:59.7,-0.670000017,-1.379999995,-17.87000084
59:00.0,0,-1.519999981,-16.45999908
59:00.4,-0.25999999,-1.580000043,-16.70999908
59:00.7,-0.100000001,-1.429999948,-17.40999985
59:01.0,0.159999996,-1.720000029,-16.32999992
59:01.3,-0.319999993,-1.710000038,-16.81999969
59:01.6,0.219999999,-1.389999986,-16.80999947
59:01.9,-1.019999981,-2.019999981,-16.02000046
59:02.2,-0.059999999,-1.580000043,-17.05999947
59:02.6,-0.460000008,-1.269999981,-16.37000084
59:02.9,-0.029999999,-1.669999957,-16.35000038
59:03.2,-0.360000014,-1.360000014,-15.88000011
59:03.5,0.07,-1.629999995,-16.29999924
59:03.8,-0.649999976,-1.129999995,-15.72000027
59:04.1,0.330000013,-1.870000005,-15.89000034
59:04.4,-0.300000012,-1.710000038,-15.25
59:04.8,0.289999992,-1.669999957,-15.55000019
59:05.1,0.119999997,-1.24000001,-15.18000031
59:05.4,-0.180000007,-1.75999999,-15.27000046
59:05.7,-0.430000007,-1.74000001,-14.46000004
59:06.0,-0.239999995,-1.399999976,-15
59:06.3,-0.050000001,-1.519999981,-15.18999958
59:06.6,0.25999999,-1.460000038,-15.06999969
59:07.0,-0.540000021,-1.950000048,-13.90999985
59:07.3,-0.449999988,-1.840000033,-13.93000031
59:07.6,0.289999992,-1.779999971,-13.47000027
59:07.9,-0.49000001,-1.49000001,-13.10999966
59:08.2,0.569999993,-1.580000043,-13.31999969
59:08.5,-0.029999999,-1.50999999,-12.82999992
59:08.8,0.529999971,-1.75999999,-13.94999981
59:09.1,0.239999995,-1.389999986,-12.89000034
59:09.5,0.119999997,-1.519999981,-13.22999954
59:09.8,-0.129999995,-1.529999971,-13.30000019
59:10.1,0.540000021,-1.279999971,-12.18000031
59:10.4,0.379999995,-1.440000057,-13.52000046
59:10.7,0.050000001,-1.440000057,-12.11999989
59:11.0,-0.039999999,-1.720000029,-11.44999981
59:11.4,-0.219999999,-2.099999905,-11.98999977
59:11.7,0.02,-1.669999957,-11.94999981
59:12.0,-0.289999992,-1.440000057,-11.93000031
59:12.3,0.119999997,-1.99000001,-11.28999996
59:12.6,0.189999998,-1.070000052,-11.03999996
59:12.9,-0.100000001,-1.789999962,-11.10999966
59:13.2,0.100000001,-1.440000057,-11.30000019
59:13.6,-0.02,-1.480000019,-10.73999977
59:13.9,0.079999998,-1.580000043,-10.89000034
59:14.2,0.109999999,-1.909999967,-10.64999962
59:14.5,0.519999981,-1.899999976,-10.48999977
59:14.8,-0.039999999,-1.220000029,-10.46000004
59:15.1,0.200000003,-1.919999957,-8.840000153
59:15.4,0.50999999,-1.129999995,-7.960000038
59:15.7,0.449999988,-1.539999962,-6.840000153
59:16.1,-0.100000001,-0.930000007,-5
59:16.4,0.49000001,-0.660000026,-3.880000114
59:16.7,0.170000002,-0.540000021,-2.210000038
59:17.0,0.419999987,-0.720000029,-0.910000026
59:17.3,0.409999996,-0.230000004,0.119999997
59:17.6,0.360000014,-0.029999999,-0.289999992
59:17.9,0.289999992,-0.319999993,-0.839999974
59:18.3,0.49000001,-0.109999999,-0.5
59:18.6,0.519999981,0.029999999,-0.189999998
59:18.9,0.370000005,-0.569999993,-0.75
59:19.2,0.310000002,-0.300000012,-1.019999981
59:19.5,0.289999992,-0.469999999,-1.220000029
59:19.8,0.25999999,0.289999992,-0.50999999
59:20.2,0.409999996,-0.02,-1.039999962
59:20.5,0.519999981,-0.270000011,-0.850000024
59:20.8,0.289999992,-0.370000005,-0.460000008
59:21.1,0.360000014,-0.560000002,-0.469999999
59:21.4,0.230000004,-0.270000011,-0.01
59:21.7,0.469999999,-0.569999993,0.270000011
59:22.0,0.430000007,-0.379999995,0.389999986
59:22.3,0.529999971,-0.649999976,0.119999997
59:22.7,0.400000006,0.07,-0.129999995
59:23.0,0.25,-0.649999976,-0.50999999
59:23.3,0.49000001,0.07,0.039999999
59:23.6,0.540000021,-0.280000001,-0.170000002
59:23.9,0.569999993,0.07,0.059999999
59:24.2,0.289999992,-0.569999993,-0.330000013
59:24.5,0.469999999,-0.079999998,-0.460000008
59:24.9,0.589999974,0.239999995,-0.039999999
59:25.2,0.400000006,-0.129999995,-0.150000006
59:25.5,0.569999993,-0.270000011,0.189999998
59:25.8,0.319999993,-0.670000017,0.129999995
59:26.1,0.360000014,-0.370000005,0.109999999
59:26.4,0.479999989,0.230000004,-0.02
59:26.8,0.49000001,-0.059999999,-0.129999995
59:27.1,0.419999987,-0.5,0.219999999
59:27.4,0.540000021,0.170000002,-0.079999998
59:27.7,0.479999989,-0.340000004,-0.25999999
59:28.0,0.180000007,-0.560000002,-0.109999999
59:28.3,0.550000012,-0.310000002,0.059999999
59:28.6,0.370000005,0.059999999,-0.409999996
59:28.9,0.180000007,-0.449999988,-0.340000004
59:29.3,0.449999988,-0.479999989,-0.200000003
59:29.6,0,0.140000001,0.479999989
59:29.9,0.519999981,0.100000001,0.270000011
59:30.2,0.25,0.100000001,0.639999986
59:30.5,0.310000002,-0.49000001,-0.589999974
59:30.8,0.090000004,-0.50999999,0.039999999
59:31.1,0.219999999,-0.610000014,-0.109999999
59:31.5,0.340000004,-0.159999996,0.579999983
59:31.8,0.670000017,-0.219999999,0.029999999
59:32.1,0.479999989,-0.75999999,0.239999995
59:32.4,0.709999979,-0.270000011,0.99000001
59:32.7,0.280000001,-0.270000011,0.910000026
59:33.0,0.600000024,-0.219999999,-0.370000005
59:33.4,0.07,0,0.680000007
59:33.7,0.090000004,-0.07,0.449999988
59:34.0,0.579999983,-0.519999981,-0.639999986
59:34.3,0.550000012,-0.079999998,0.059999999
59:34.6,0.5,-0.569999993,-0.639999986
59:34.9,0.340000004,-0.709999979,-1.169999957
59:35.2,0.409999996,-0.079999998,-1.350000024
59:35.5,0.340000004,0.01,-2.049999952
59:35.9,0.409999996,-0.07,-2.380000114
59:36.2,-0.079999998,-0.620000005,-2.5
59:36.5,0.389999986,-0.119999997,-3.400000095
59:36.8,0.569999993,-0.180000007,-3.920000076
59:37.1,0.230000004,-0.219999999,-3.789999962
59:37.4,-0.07,-0.589999974,-4.510000229
59:37.7,0.01,-0.49000001,-4.760000229
59:38.1,0.170000002,-0.569999993,-6.730000019
59:38.4,0.180000007,-0.360000014,-7.559999943
59:38.7,0.189999998,-0.439999998,-8.909999847
59:39.0,0.360000014,-0.379999995,-10.05000019
59:39.3,0.289999992,-0.589999974,-11.92000008
59:39.6,-0.189999998,-0.460000008,-11.86999989
59:39.9,-0.050000001,-0.829999983,-12.64000034
59:40.3,-0.119999997,-1.289999962,-12.67000008
59:40.6,0.029999999,-0.75,-12.53999996
59:40.9,-0.219999999,-0.899999976,-13.07999992
59:41.2,-0.140000001,-0.660000026,-12.97999954
59:41.5,0.449999988,-0.899999976,-13.10999966
59:41.8,0.629999995,-0.930000007,-12.02000046
59:42.1,0.519999981,-1.350000024,-13.39000034
59:42.5,-0.200000003,-1.230000019,-13.26000023
59:42.8,-0.039999999,-0.949999988,-13.10000038
59:43.1,-0.270000011,-1.450000048,-13.18999958
59:43.4,-0.140000001,-1.039999962,-13.96000004
59:43.7,-0.239999995,-0.730000019,-14.61999989
59:44.0,0.059999999,-0.99000001,-15.36999989
59:44.3,0.219999999,-1.200000048,-15.06000042
59:44.7,-0.349999994,-1.029999971,-15.25
59:45.0,-0.810000002,-1.309999943,-15.71000004
59:45.3,-0.289999992,-1.580000043,-14.77000046
59:45.6,0.150000006,-1.019999981,-15.06000042
59:45.9,0.209999993,-0.899999976,-15.88000011
59:46.2,-0.219999999,-1.629999995,-16.54999924
59:46.5,-0.310000002,-1.679999948,-16.17000008
59:46.9,0.039999999,-1.190000057,-15.72999954
59:47.2,-0.079999998,-0.949999988,-15.64000034
59:47.5,-0.860000014,-1.269999981,-15.51000023
59:47.8,-0.600000024,-1.620000005,-15.52999973
59:48.1,-0.270000011,-1.409999967,-16.10000038
59:48.4,-0.340000004,-1.399999976,-15.77000046
59:48.7,-0.600000024,-0.949999988,-15.97999954
59:49.1,-0.25,-1.039999962,-17.05999947
59:49.4,-0.819999993,-1.470000029,-16.28000069
59:49.7,-0.01,-0.959999979,-17.80999947
59:50.0,-0.059999999,-1.120000005,-17.05999947
59:50.3,-0.370000005,-1.5,-16.98999977
59:50.6,-0.419999987,-1.480000019,-17.12999916
59:50.9,-0.610000014,-0.889999986,-16.82999992
59:51.3,-0.07,-1.279999971,-16.15999985
59:51.6,0.100000001,-0.540000021,-16
59:51.9,-0.389999986,-1.029999971,-16.79000092
59:52.2,-0.02,-1.340000033,-16.94000053
59:52.5,-0.720000029,-1.429999948,-16.35000038
59:52.8,0.230000004,-1.24000001,-15.60999966
59:53.1,-0.589999974,-1.610000014,-16.85000038
59:53.5,-1.279999971,-1.559999943,-17.18000031
59:53.8,0.730000019,-1.019999981,-16.5
59:54.1,0.209999993,-1.100000024,-17.87999916
59:54.4,-0.519999981,-1.49000001,-16.87999916
59:54.7,-0.310000002,-0.889999986,-16.72999954
59:55.0,-0.939999998,-1.529999971,-16.04999924
59:55.3,-0.07,-1.450000048,-16.13999939
59:55.7,-0.129999995,-1.519999981,-15.81000042
59:56.0,0.819999993,-0.889999986,-16.59000015
59:56.3,-0.389999986,-0.639999986,-17.03000069
59:56.6,0.140000001,-0.769999981,-15.23999977
59:56.9,-0.389999986,-1.970000029,-15.38000011
59:57.2,-0.159999996,-1.629999995,-15.77999973
59:57.5,-0.200000003,-1.399999976,-16.09000015
59:57.8,-0.790000021,-1.090000033,-15.15999985
59:58.2,0.129999995,-0.649999976,-15.92000008
59:58.5,0.75,-0.800000012,-16.71999931
59:58.8,0.5,-1.700000048,-15.78999996
59:59.1,0.379999995,-1.850000024,-16.04999924
59:59.4,-0.699999988,-1.309999943,-17.25
59:59.7,0.74000001,-1.309999943,-16.64999962
00:00.0,-0.639999986,-1.25,-17.62999916
00:00.4,0.25,-1.639999986,-16.71999931
00:00.7,-0.079999998,-1.110000014,-16.71999931
00:01.0,0.720000029,-0.800000012,-17.47999954
00:01.3,-0.109999999,-1.149999976,-16.31999969
00:01.6,0.730000019,-1,-16.04000092
00:01.9,0.109999999,-1.75999999,-16.12000084
00:02.3,0.660000026,-0.970000029,-16.11000061
00:02.6,-0.119999997,-1.110000014,-16.37000084
00:02.9,-0.01,-1.480000019,-17.92000008
00:03.2,0.230000004,-0.50999999,-16.29999924
00:03.5,0.409999996,-0.600000024,-16.19000053
00:03.8,-0.699999988,-1.070000052,-16.26000023
00:04.1,-0.959999979,-1.450000048,-17.79999924
00:04.4,0.519999981,-0.790000021,-16.45000076
00:04.8,-0.600000024,-0.800000012,-16.37000084
00:05.1,-0.219999999,-1.039999962,-17.60000038
00:05.4,-0.589999974,-1.830000043,-17.25
00:05.7,0.389999986,-0.790000021,-17.67000008
00:06.0,0.109999999,-1.289999962,-17.81999969
00:06.3,-0.550000012,-1,-16.54999924
00:06.6,0.49000001,-1.539999962,-16.92000008
00:07.0,-0.119999997,-1.210000038,-16.56999969
00:07.3,0.300000012,-1.360000014,-16.54999924
00:07.6,-0.870000005,-1.149999976,-16.38999939
00:07.9,-0.200000003,-1.340000033,-15.97999954
00:08.2,-0.200000003,-1.350000024,-16.45000076
00:08.5,-0.349999994,-1.610000014,-16.51000023
00:08.9,-1.269999981,-1.899999976,-15.81999969
00:09.2,-0.560000002,-1.389999986,-16.81999969
00:09.5,-0.730000019,-1.309999943,-16.56999969
00:09.8,-0.400000006,-1.320000052,-15.89999962
00:10.1,0.74000001,-1.399999976,-17.40999985
00:10.4,-0.270000011,-1.649999976,-16.95000076
00:10.7,0.039999999,-1.019999981,-17.37000084
00:11.0,0.029999999,-1.730000019,-16.69000053
00:11.3,0.439999998,-1.25999999,-17.51000023
00:11.7,0.01,-1.289999962,-17.44000053
00:12.0,-0.230000004,-1.149999976,-16.52000046
00:12.3,-0.319999993,-0.939999998,-16.70999908
00:12.6,-0.050000001,-1.080000043,-17.63999939
00:12.9,-0.670000017,-1.279999971,-16.55999947
00:13.2,0.550000012,-1.360000014,-16.05999947
00:13.6,0.550000012,-2.00999999,-16.21999931
00:13.9,-1.299999952,-1.200000048,-14.78999996
00:14.2,-0.300000012,-1.370000005,-15.03999996
00:14.5,0.01,-1.799999952,-15.56999969
00:14.8,0.720000029,-1.100000024,-15.32999992
00:15.1,0.5,-1,-15.11999989
00:15.4,0.389999986,-1.610000014,-14.68000031
00:15.8,-0.610000014,-1.450000048,-14.89999962
00:16.1,0.119999997,-1.75,-14.81999969
00:16.4,0.540000021,-1.149999976,-15.60000038
00:16.7,0.119999997,-1.970000029,-15.61999989
00:17.0,-0.25999999,-1.889999986,-15.23999977
00:17.3,-0.75999999,-2.400000095,-14.63000011
00:17.6,0.170000002,-1.559999943,-15.18000031
00:17.9,-0.600000024,-1.470000029,-14.02000046
00:18.3,-0.07,-1.519999981,-14.18000031
00:18.6,-0.209999993,-1.49000001,-13.73999977
00:18.9,-0.079999998,-2.089999914,-13.85999966
00:19.2,-0.159999996,-1.549999952,-13.84000015
00:19.5,-0.370000005,-1,-12.93000031
00:19.8,0.400000006,-1.159999967,-12.63000011
00:20.1,-0.189999998,-1.480000019,-13.53999996
00:20.5,0.25999999,-1.519999981,-13.48999977
00:20.8,0.319999993,-1.919999957,-13.67000008
00:21.1,0.189999998,-1.519999981,-13.48999977
00:21.4,0.280000001,-1.929999948,-13.5
00:21.7,0.029999999,-1.320000052,-12.67000008
00:22.0,-0.209999993,-1.440000057,-12.30000019
00:22.4,0,-1.440000057,-11.63000011
00:22.7,0.02,-1.799999952,-12.07999992
00:23.0,0.02,-1.279999971,-11.55000019
00:23.3,0.02,-1.480000019,-11.18999958
00:23.6,0.340000004,-1.330000043,-11.27999973
00:23.9,-0.039999999,-1.690000057,-11.36999989
00:24.2,0.25,-1.679999948,-12.18000031
00:24.5,-0.029999999,-1.789999962,-10.52999973
00:24.9,-0.100000001,-1.720000029,-10.85999966
00:25.2,0.090000004,-1.879999995,-10.71000004
00:25.5,0.219999999,-0.959999979,-10.26000023
00:25.8,-0.01,-1.480000019,-10.14999962
00:26.1,0.170000002,-1.5,-10.64000034
00:26.4,0.159999996,-1.580000043,-10.21000004
00:26.7,0.170000002,-1.049999952,-9.470000267
00:27.1,-0.230000004,-1.5,-8.020000458
00:27.4,0.159999996,-1.279999971,-5.869999886
00:27.7,-0.02,-0.180000007,-4.429999828
00:28.0,0.569999993,-0.400000006,-2.329999924
00:28.3,0.330000013,-0.850000024,-1.690000057
00:28.6,0.219999999,-0.819999993,-1.24000001
00:28.9,0.25999999,-0.689999998,-0.800000012
00:29.3,0.409999996,0.159999996,-1.110000014
00:29.6,0.090000004,-0.419999987,-0.670000017
00:29.9,0.02,-0.670000017,-1.830000043
00:30.2,0.150000006,-0.360000014,-1.840000033
00:30.5,0.270000011,-0.140000001,-1.269999981
00:30.8,0.370000005,0.460000008,-1.879999995
00:31.1,0.800000012,-0.550000012,-1.519999981
00:31.5,0.219999999,-0.370000005,0.159999996
00:31.8,0.769999981,-0.129999995,-0.25999999
00:32.1,0.370000005,-0.419999987,-0.649999976
00:32.4,0.529999971,0.07,-0.389999986
00:32.7,0.330000013,0.200000003,0.109999999
00:33.0,0.639999986,-0.50999999,0.079999998
00:33.3,0.469999999,-0.079999998,-0.230000004
00:33.7,0.370000005,0.090000004,-0.129999995
00:34.0,0.620000005,-0.439999998,-1.039999962
00:34.3,0.379999995,-0.75999999,-0.649999976
00:34.6,0.469999999,0.02,-0.839999974
00:34.9,0.610000014,-0.219999999,-0.560000002
00:35.2,0.340000004,-0.569999993,-0.610000014
00:35.5,0.529999971,-0.689999998,-1.100000024
00:35.9,0.560000002,-0.360000014,-0.479999989
00:36.2,0.610000014,-0.07,-0.569999993
00:36.5,0.129999995,-0.25,-0.07
00:36.8,0.449999988,-0.589999974,-0.649999976
00:37.1,0.07,-0.649999976,0.119999997
00:37.4,0.469999999,0.170000002,-0.400000006
00:37.7,0.709999979,0.090000004,0.029999999
00:38.1,0.340000004,-0.649999976,-0.649999976
00:38.4,0.340000004,-0.180000007,0.200000003
00:38.7,0.569999993,0.189999998,-0.330000013
00:39.0,0.349999994,-0.460000008,-0.610000014
00:39.3,0.699999988,-0.319999993,-0.230000004
00:39.6,0.409999996,-0.150000006,-0.25
00:39.9,0.300000012,-0.629999995,-0.050000001
00:40.3,0.389999986,-0.819999993,-0.639999986
00:40.6,0.419999987,-0.340000004,-0.75
00:40.9,0.180000007,-0.600000024,0.01
00:41.2,0.170000002,-0.340000004,0.079999998
00:41.5,0.25,-0.349999994,-0.050000001
00:41.8,0.639999986,-0.430000007,0.25999999
00:42.1,0.189999998,-0.699999988,-0.079999998
00:42.5,0.439999998,-0.360000014,-0.649999976
00:42.8,0.360000014,-0.560000002,0.109999999
00:43.1,0.610000014,-0.270000011,-0.430000007
00:43.4,0.170000002,-0.180000007,-0.819999993
00:43.7,0.25999999,-0.330000013,-1.24000001
00:44.0,0.289999992,-0.400000006,-1.019999981
00:44.3,0.230000004,-0.289999992,-0.560000002
00:44.7,0.600000024,-0.059999999,-1.330000043
00:45.0,0.090000004,-0.340000004,-1.460000038
00:45.3,0.289999992,-0.550000012,-1.179999948
00:45.6,0.310000002,-0.379999995,-1.059999943
00:45.9,-0.170000002,-0.140000001,-1.450000048
00:46.2,0.610000014,0.079999998,-1.230000019
00:46.5,0.340000004,0.050000001,-2.220000029
00:46.9,0.280000001,-0.449999988,-2.619999886
00:47.2,0.419999987,-0.029999999,-3
00:47.5,0.180000007,-0.370000005,-3.730000019
00:47.8,0.49000001,-0.01,-4.639999866
00:48.1,0.629999995,-0.360000014,-5.800000191
00:48.4,-0.119999997,-0.439999998,-6.369999886
00:48.7,-0.01,-0.479999989,-6.659999847
00:49.1,-0.029999999,-0.930000007,-6.920000076
00:49.4,0.059999999,-0.5,-7.369999886
00:49.7,0.230000004,-0.879999995,-8.529999733
00:50.0,0.100000001,-0.409999996,-8.470000267
00:50.3,-0.209999993,-0.75,-8.789999962
00:50.6,-0.140000001,-1.320000052,-9.840000153
00:50.9,-0.01,-0.5,-9.890000343
00:51.3,0,-0.720000029,-11.39000034
00:51.6,0.079999998,-0.870000005,-11.47999954
00:51.9,0.150000006,-0.810000002,-11.85000038
00:52.2,0.270000011,-0.839999974,-13.25
00:52.5,-0.140000001,-1.289999962,-13.14999962
00:52.8,0.579999983,-1.070000052,-13.60000038
00:53.1,-0.930000007,-1.25,-13.98999977
00:53.4,-0.119999997,-1.350000024,-14.44999981
00:53.8,0.090000004,-0.819999993,-14.23999977
00:54.1,0.100000001,-0.74000001,-13.77999973
00:54.4,0.219999999,-0.519999981,-13.81000042
00:54.7,-0.239999995,-1.029999971,-13.75
00:55.0,-0.230000004,-0.800000012,-13.31000042
00:55.3,-0.079999998,-0.980000019,-13.85999966
00:55.7,0.050000001,-1.330000043,-13.64999962
00:56.0,-0.25,-1.029999971,-13.57999992
00:56.3,0.170000002,-1.320000052,-15.23999977
00:56.6,-0.189999998,-1.039999962,-14.13000011
00:56.9,0.5,-0.889999986,-14.47999954
00:57.2,0.050000001,-0.879999995,-14.39000034
00:57.5,-0.389999986,-0.790000021,-13.06000042
00:57.9,0.159999996,-1.059999943,-13.72999954
00:58.2,-0.370000005,-0.819999993,-12.73999977
00:58.5,-0.109999999,-0.930000007,-13
00:58.8,0.039999999,-0.980000019,-13.80000019
00:59.1,-0.310000002,-0.720000029,-13.96000004
00:59.4,-0.039999999,-0.769999981,-14.14999962
00:59.7,-0.49000001,-1.320000052,-15.11999989
01:00.0,0.330000013,-1.110000014,-14.57999992
01:00.4,-0.150000006,-1.159999967,-14.72000027
01:00.7,0.340000004,-1.149999976,-15.13000011
01:01.0,0.159999996,-0.790000021,-15.10000038
01:01.3,0.449999988,-1.230000019,-15.75
01:01.6,0.340000004,-1.120000005,-14.57999992
01:01.9,-0.059999999,-0.949999988,-15.06999969
01:02.2,-0.02,-1.279999971,-14.77999973
01:02.6,1.019999981,-1.389999986,-15.03999996
01:02.9,-0.449999988,-1.340000033,-15.44999981
01:03.2,0.180000007,-0.560000002,-15.43999958
01:03.5,-0.059999999,-0.930000007,-15.93000031
01:03.8,-0.189999998,-1.200000048,-15.92000008
01:04.1,-0.090000004,-0.910000026,-16.05999947
01:04.5,0.059999999,-1.139999986,-16.18000031
01:04.8,0.189999998,-1.149999976,-15.63000011
01:05.1,0.079999998,-1.25,-15.96000004
01:05.4,-0.209999993,-1.429999948,-15.5
01:05.7,0.129999995,-1.039999962,-16.65999985
01:06.0,0.109999999,-1.00999999,-16.40999985
01:06.3,0.209999993,-1.25,-15.89999962
01:06.6,0.239999995,-1.149999976,-15.68999958
01:07.0,-0.340000004,-1.190000057,-15.81999969
01:07.3,0.050000001,-1.370000005,-15.81000042
01:07.6,-0.059999999,-1.450000048,-15.40999985
01:07.9,-0.079999998,-0.680000007,-15.39000034
01:08.2,0.01,-1.090000033,-14.73999977
01:08.5,-0.230000004,-1.00999999,-15.10000038
01:08.8,-0.150000006,-0.790000021,-14.76000023
01:09.2,0.200000003,-1.039999962,-15.64999962
01:09.5,-0.709999979,-1.059999943,-14.52000046
01:09.8,-0.959999979,-0.839999974,-14.10999966
01:10.1,0.209999993,-0.689999998,-14.64999962
01:10.4,-0.319999993,-1.029999971,-15.14999962
01:10.7,-0.800000012,-1.299999952,-13.30000019
01:11.0,-0.039999999,-0.620000005,-14.39999962
01:11.4,0,-0.980000019,-14.09000015
01:11.7,-0.439999998,-0.99000001,-14.38000011
01:12.0,0.109999999,-0.330000013,-15.26000023
01:12.3,-0.340000004,-1.019999981,-15.51000023
01:12.6,-0.07,-0.409999996,-14.10999966
01:12.9,-0.02,-0.689999998,-14.56000042
01:13.2,0.409999996,-0.689999998,-13.72999954
01:13.6,-0.769999981,-1.200000048,-13.5
01:13.9,0.319999993,-0.589999974,-14.77000046
01:14.2,-0.180000007,-1.230000019,-15.35999966
01:14.5,0.439999998,-0.270000011,-14.06000042
01:14.8,-0.649999976,-1.220000029,-13.86999989
01:15.1,0.449999988,-1.049999952,-13.68000031
01:15.4,-0.239999995,-0.959999979,-12.90999985
01:15.8,0.150000006,-1.389999986,-12.89000034
01:16.1,0.419999987,-1.50999999,-13.34000015
01:16.4,0.230000004,-0.839999974,-12.5
01:16.7,0.360000014,-1.159999967,-11.81999969
01:17.0,0.449999988,-0.270000011,-13.40999985
01:17.3,-0.569999993,-1.269999981,-13.27000046
01:17.6,0.059999999,-1.019999981,-12.47000027
01:18.0,0.529999971,-0.839999974,-13.09000015
01:18.3,0.349999994,-0.920000017,-12.88000011
01:18.6,0.25999999,-1.470000029,-14.39000034
01:18.9,0.170000002,-0.800000012,-12.39000034
01:19.2,-0.239999995,-0.660000026,-12.01000023
01:19.5,0.25999999,-0.629999995,-13.47999954
01:19.8,0.180000007,-1.169999957,-12.60999966
01:20.2,-0.129999995,-1.149999976,-12.59000015
01:20.5,-0.449999988,-0.939999998,-11.38000011
01:20.8,-0.430000007,-1.399999976,-10.92000008
01:21.1,0.50999999,-0.629999995,-11.32999992
01:21.4,-0.330000013,-1.340000033,-10.18999958
01:21.7,-0.319999993,-1.419999957,-9.909999847
01:22.0,0.170000002,-0.629999995,-9.819999695
01:22.3,-0.25999999,-1.110000014,-10.77999973
01:22.7,-0.389999986,-1.110000014,-10.14999962
01:23.0,-0.170000002,-0.689999998,-9.039999962
01:23.3,0.49000001,-0.589999974,-9.270000458
01:23.6,-0.370000005,-0.99000001,-9.300000191
01:23.9,0.129999995,-0.540000021,-9.420000076
01:24.2,0.889999986,-0.670000017,-8.800000191
01:24.6,0.560000002,-1.070000052,-9.5
01:24.9,-0.059999999,-0.49000001,-9.5
01:25.2,0.620000005,-0.709999979,-8.029999733
01:25.5,0.280000001,-0.910000026,-9.050000191
01:25.8,0.519999981,-0.560000002,-8.670000076
01:26.1,-0.140000001,-0.99000001,-7.590000153
01:26.4,-0.349999994,-0.920000017,-9
01:26.8,0.370000005,-0.409999996,-9.050000191
01:27.1,-0.150000006,0.189999998,-8.75
01:27.4,0.25999999,-1.049999952,-8.760000229
01:27.7,0,-1.570000052,-9.239999771
01:28.0,0.100000001,-0.280000001,-8.850000381
01:28.3,0.239999995,-1.25,-10.15999985
01:28.6,-0.349999994,-0.689999998,-9.529999733
01:28.9,-0.07,-0.670000017,-8.659999847
01:29.3,-0.449999988,-1.019999981,-10.73999977
01:29.6,-0.079999998,-0.709999979,-10.44999981
01:29.9,0.639999986,-0.479999989,-9.670000076
01:30.2,0.239999995,-0.680000007,-10.35000038
01:30.5,-1.190000057,-0.970000029,-10.22999954
01:30.8,0.170000002,-1.070000052,-10.14000034
01:31.1,0.02,-1.080000043,-9.670000076
01:31.5,-0.899999976,-1.309999943,-11.02999973
01:31.8,-1.029999971,-0.980000019,-9.819999695
01:32.1,-0.200000003,-0.239999995,-10.21000004
01:32.4,-0.270000011,-0.889999986,-10.36999989
01:32.7,0.50999999,-0.029999999,-10.56999969
01:33.0,0.409999996,-0.720000029,-10.46000004
01:33.4,0.569999993,-1.100000024,-10.86999989
01:33.7,0.109999999,-0.49000001,-11.60999966
01:34.0,-0.079999998,-0.389999986,-11.5
01:34.3,-0.079999998,-0.870000005,-10.92000008
01:34.6,-0.109999999,-0.899999976,-11.35999966
01:34.9,-0.059999999,-0.419999987,-9.81000042
01:35.2,-0.25,-0.469999999,-10.92000008
01:35.5,-0.409999996,-1.25,-10.64999962
01:35.9,0.150000006,-0.649999976,-11.10000038
01:36.2,0.02,-1.029999971,-11.89000034
01:36.5,-0.270000011,-0.660000026,-12.46000004
01:36.8,0.150000006,-0.779999971,-11.43999958
01:37.1,0.660000026,-0.25,-11.93999958
01:37.4,-0.930000007,-0.709999979,-10.98999977
01:37.7,-0.430000007,-1.25,-10.72000027
01:38.1,-0.319999993,-1.039999962,-11.36999989
01:38.4,-0.230000004,-0.090000004,-11.68000031
01:38.7,0.109999999,-0.600000024,-11.64000034
01:39.0,-0.159999996,-0.930000007,-12.21000004
01:39.3,-0.349999994,-1,-10.53999996
01:39.6,-0.709999979,-0.649999976,-10.93000031
01:39.9,0.75,-0.479999989,-12.43000031
01:40.3,-0.090000004,-0.839999974,-11.17000008
01:40.6,-0.430000007,-1.049999952,-11.19999981
01:40.9,0.02,-0.74000001,-11.5
01:41.2,-0.239999995,-1.070000052,-11.85000038
01:41.5,-0.550000012,-0.970000029,-11.88000011
01:41.8,0.25,-1.049999952,-11.47999954
01:42.1,0.270000011,-0.49000001,-12.19999981
01:42.4,0.07,-1.019999981,-11.94999981
01:42.8,0.25,-1.289999962,-10.98999977
01:43.1,-0.550000012,-1.179999948,-10.76000023
01:43.4,-0.379999995,-0.670000017,-12.26000023
01:43.7,0.730000019,-1.450000048,-11.85000038
01:44.0,0.689999998,-0.529999971,-12.96000004
01:44.3,0.460000008,-0.159999996,-11.80000019
01:44.7,-0.460000008,-0.639999986,-10.84000015
01:45.0,-0.209999993,-1.120000005,-12.18000031
01:45.3,0.100000001,-0.620000005,-12.15999985
01:45.6,-0.25999999,-0.769999981,-10.90999985
01:45.9,0.230000004,-0.360000014,-9.899999619
01:46.2,-0.280000001,-0.959999979,-10.47000027
01:46.5,0.460000008,-1.25999999,-11.40999985
01:46.9,0.270000011,-1.190000057,-10.65999985
01:47.2,0.050000001,-0.469999999,-10.11999989
01:47.5,0.02,-0.959999979,-9.430000305
01:47.8,-0.129999995,-1.039999962,-9.390000343
01:48.1,0.579999983,-0.449999988,-9.979999542
01:48.4,0.540000021,-1.120000005,-9.779999733
01:48.7,-0.5,-1.289999962,-9.890000343
01:49.0,0.039999999,-0.569999993,-10.18999958
01:49.4,0.730000019,-0.769999981,-9.75
01:49.7,0.209999993,-0.159999996,-8.489999771
01:50.0,0.050000001,-1.169999957,-9.31000042
01:50.3,0.189999998,-0.340000004,-9.430000305
01:50.6,0.109999999,-0.170000002,-10.5
01:50.9,0.419999987,-0.620000005,-9.670000076
01:51.2,0.569999993,-0.800000012,-9.06000042
01:51.6,0.209999993,-0.810000002,-8.710000038
01:51.9,0.230000004,-0.49000001,-9.149999619
01:52.2,0.680000007,-1.080000043,-9.699999809
01:52.5,-0.150000006,-0.699999988,-9.020000458
01:52.8,0.569999993,-0.819999993,-9.369999886
01:53.1,0.600000024,-0.600000024,-9.800000191
01:53.5,0.479999989,-0.850000024,-9.720000267
01:53.8,-0.129999995,-1.139999986,-9.100000381
01:54.1,0.270000011,-0.589999974,-9.090000153
01:54.4,0.550000012,-0.689999998,-9.329999924
01:54.7,0.639999986,-1.179999948,-10.38000011
01:55.0,0,-1.320000052,-8.56000042
01:55.3,0.660000026,-0.930000007,-8.760000229
01:55.6,-0.239999995,-1.090000033,-9.340000153
01:56.0,0.25999999,-1.110000014,-8.409999847
01:56.3,-0.25999999,-1.289999962,-8.850000381
01:56.6,0.430000007,-0.289999992,-9.649999619
01:56.9,-0.109999999,-0.270000011,-8.989999771
01:57.2,0.779999971,-1.289999962,-8.989999771
01:57.5,-0.389999986,-1.330000043,-8.989999771
01:57.8,-0.219999999,-0.689999998,-8.210000038
01:58.2,0.449999988,-0.839999974,-9.149999619
01:58.5,-0.159999996,-0.910000026,-7.630000114
01:58.8,0.180000007,-0.779999971,-7.809999943
01:59.1,0.239999995,-0.620000005,-9.569999695
01:59.4,-0.150000006,-0.280000001,-8.989999771
01:59.7,0.330000013,-0.74000001,-8.170000076
02:00.0,0.720000029,-1.029999971,-8.520000458
02:00.4,0.529999971,-0.079999998,-9.039999962
02:00.7,-0.75999999,-0.680000007,-8.06000042
02:01.0,-1.179999948,-0.970000029,-9.619999886
02:01.3,0.330000013,-1.019999981,-9.180000305
02:01.6,0.02,-0.689999998,-8.789999962
02:01.9,0.430000007,-0.270000011,-9.630000114
02:02.2,0,-0.629999995,-9.920000076
02:02.6,-0.189999998,-0.560000002,-10.18999958
02:02.9,-0.379999995,-0.709999979,-9.170000076
02:03.2,0.419999987,-0.899999976,-11.52999973
02:03.5,0.49000001,-0.439999998,-10.13000011
02:03.8,0.49000001,-0.670000017,-10.84000015
02:04.1,0.400000006,-1.029999971,-9.869999886
02:04.4,0.550000012,-0.389999986,-12.13000011
02:04.8,-0.850000024,-1.460000038,-10.93000031
02:05.1,-1.019999981,-0.469999999,-12.10000038
02:05.4,0.25999999,-1.019999981,-11.02999973
02:05.7,0.379999995,-0.449999988,-12.27999973
02:06.0,0.819999993,-0.790000021,-11.39999962
02:06.3,-0.460000008,-0.75999999,-11.30000019
02:06.6,-0.230000004,-0.779999971,-11.71000004
02:07.0,0.310000002,-1.429999948,-11.10999966
02:07.3,0.090000004,-0.920000017,-10.77999973
02:07.6,-1.049999952,-0.75999999,-9.739999771
02:07.9,0.109999999,-0.419999987,-11.13000011
02:08.2,-0.25,-1.00999999,-10.60000038
02:08.5,0.569999993,-0.239999995,-10.14000034
02:08.8,0.310000002,-0.980000019,-10.26000023
02:09.2,-0.400000006,-0.670000017,-10.5
02:09.5,-0.039999999,-0.540000021,-10.64999962
02:09.8,0.140000001,-1.049999952,-10.81000042
02:10.1,-0.280000001,-1.309999943,-8.899999619
02:10.4,0.300000012,-0.5,-10.22999954
02:10.7,0.610000014,-1.220000029,-9.239999771
02:11.0,0.200000003,-0.639999986,-8.600000381
02:11.3,-0.319999993,-1.080000043,-9.590000153
02:11.7,-0.579999983,-1.100000024,-9.449999809
02:12.0,-0.460000008,-0.970000029,-9.449999809
02:12.3,0.079999998,-0.389999986,-9.520000458
02:12.6,-0.400000006,-0.569999993,-9.909999847
02:12.9,-0.07,-0.779999971,-10.64999962
02:13.2,0.439999998,-0.629999995,-8.859999657
02:13.6,0.219999999,-1.309999943,-10.18000031
02:13.9,-0.109999999,-0.519999981,-9.600000381
02:14.2,-0.579999983,-0.600000024,-8.470000267
02:14.5,0.49000001,-1.049999952,-10.46000004
02:14.8,0.620000005,-0.800000012,-9.529999733
02:15.1,0.270000011,-0.649999976,-9.829999924
02:15.4,0.600000024,-0.790000021,-9.770000458
02:15.8,0.02,-0.939999998,-9.520000458
02:16.1,0.569999993,-1.039999962,-9.880000114
02:16.4,-0.029999999,-1,-8.539999962
02:16.7,0.25999999,-0.930000007,-8.829999924
02:17.0,0.289999992,-0.620000005,-9.539999962
02:17.3,0.629999995,0.029999999,-9.460000038
02:17.6,0.129999995,-0.970000029,-9.470000267
02:17.9,-0.219999999,-1.090000033,-9.920000076
02:18.3,-0.02,-0.930000007,-8.369999886
02:18.6,0.5,-0.660000026,-8.699999809
02:18.9,0.479999989,-0.689999998,-9.670000076
02:19.2,-0.209999993,-0.239999995,-8.789999962
02:19.5,0.800000012,-0.569999993,-8.5
02:19.8,-0.02,-0.610000014,-9.329999924
02:20.1,0,-0.879999995,-8.859999657
02:20.5,0.159999996,-1.210000038,-10.27999973
02:20.8,0.610000014,-1.279999971,-8.720000267
02:21.1,-0.119999997,-1.360000014,-9.090000153
02:21.4,0.50999999,-0.050000001,-9.100000381
02:21.7,-0.109999999,-1.139999986,-9.229999542
02:22.0,0.109999999,-1.200000048,-10.11999989
02:22.4,0.569999993,-1.070000052,-9.340000153
02:22.7,0.409999996,-0.550000012,-10.06999969
02:23.0,0.109999999,-0.709999979,-9.170000076
02:23.3,0.5,-1.149999976,-11.72000027
02:23.6,0.379999995,-1.080000043,-11.56999969
02:23.9,0.140000001,-0.529999971,-10.80000019
02:24.2,-0.379999995,-1.25,-10.61999989
02:24.5,0.100000001,-0.879999995,-12
02:24.9,0.07,-0.870000005,-10.68999958
02:25.2,-0.209999993,-0.340000004,-11.57999992
02:25.5,-0.100000001,-0.939999998,-10.21000004
02:25.8,-0.389999986,-0.800000012,-10.97999954
02:26.1,-0.449999988,-0.409999996,-10.44999981
02:26.4,-0.529999971,-1.25,-10.5
02:26.7,0.059999999,-0.75,-10.14999962
02:27.1,-0.159999996,-0.850000024,-10.28999996
02:27.4,0.349999994,-0.340000004,-10.35999966
02:27.7,-0.409999996,-0.529999971,-9.020000458
02:28.0,0.680000007,-0.660000026,-11.17000008
02:28.3,0.649999976,-0.819999993,-11.31000042
02:28.6,0.360000014,-0.449999988,-10.75
02:29.0,0.170000002,-0.800000012,-10.13000011
02:29.3,-0.879999995,-1.120000005,-10.14000034
02:29.6,0.75999999,-0.209999993,-10.27999973
02:29.9,-0.119999997,-0.899999976,-10.17000008
02:30.2,0.25999999,-1.059999943,-9.68999958
02:30.5,0.109999999,-0.519999981,-10.57999992
02:30.8,-0.039999999,-0.140000001,-10.84000015
02:31.1,-0.730000019,-0.850000024,-9.460000038
02:31.5,0.400000006,-0.769999981,-9.989999771
02:31.8,0.129999995,-0.829999983,-10.03999996
02:32.1,0.589999974,-0.5,-10.17000008
02:32.4,-0.25999999,-1.25,-9.699999809
02:32.7,0.300000012,-1.129999995,-9.430000305
02:33.0,-0.25999999,-0.589999974,-9.899999619
02:33.3,0.209999993,-0.569999993,-9.579999924
02:33.7,-0.349999994,-0.790000021,-10.32999992
02:34.0,-0.569999993,-1.019999981,-9.909999847
02:34.3,0.600000024,-0.819999993,-11.02999973
02:34.6,-0.209999993,-0.920000017,-10.47999954
02:34.9,-0.230000004,-1.019999981,-10.82999992
02:35.2,0.430000007,-1.070000052,-10.14000034
02:35.5,0.050000001,-0.589999974,-10.60000038
02:35.9,0.409999996,-0.899999976,-10.52999973
02:36.2,1.019999981,-1.480000019,-11.17000008
02:36.5,0.039999999,-0.349999994,-9.840000153
02:36.8,-0.039999999,-0.519999981,-9.670000076
02:37.1,-0.670000017,-1.330000043,-10.94999981
02:37.4,0.50999999,-0.109999999,-10.35999966
02:37.7,-0.610000014,-0.850000024,-9.859999657
02:38.1,0.49000001,-0.610000014,-10.86999989
02:38.4,0.360000014,-0.889999986,-11.23999977
02:38.7,0.239999995,-0.209999993,-10.22999954
02:39.0,0.360000014,-0.100000001,-10.40999985
02:39.3,-0.150000006,-0.99000001,-11.39000034
02:39.6,-0.25999999,-1.610000014,-11.22000027
02:39.9,0.610000014,-0.400000006,-11.27000046
02:40.2,0.100000001,-0.409999996,-10.38000011
02:40.6,0.109999999,-0.939999998,-11.31999969
02:40.9,-0.930000007,-0.360000014,-10.13000011
02:41.2,0.569999993,-0.479999989,-10.52999973
02:41.5,0.059999999,-1.289999962,-11.81999969
02:41.8,0.349999994,-1.279999971,-11.03999996
02:42.1,-0.140000001,-0.5,-11.31999969
02:42.5,0.409999996,-1.080000043,-11.44999981
02:42.8,0,-0.879999995,-10.56000042
02:43.1,-0.01,-1.370000005,-10.72000027
02:43.4,0.289999992,-0.569999993,-10.56000042
02:43.7,0.109999999,-0.829999983,-11.48999977
02:44.0,-0.180000007,-0.280000001,-11.97000027
02:44.3,-0.159999996,-0.589999974,-10.43999958
02:44.7,0.419999987,-0.159999996,-11.38000011
02:45.0,0.129999995,-0.75,-11.26000023
02:45.3,0.029999999,-1.029999971,-11.72000027
02:45.6,-0.310000002,-1.049999952,-11.60000038
02:45.9,0.059999999,-0.159999996,-11.90999985
02:46.2,-0.140000001,-1.100000024,-10.57999992
02:46.5,-0.01,-0.970000029,-11.69999981
02:46.8,0.300000012,-0.790000021,-11.10999966
02:47.2,-0.230000004,-1.159999967,-10.96000004
02:47.5,-0.270000011,-1.399999976,-10.56000042
02:47.8,0,-0.850000024,-12.18999958
02:48.1,0.409999996,-0.059999999,-9.819999695
02:48.4,-0.910000026,-0.99000001,-11.19999981
02:48.7,-0.610000014,-1.370000005,-11.31999969
02:49.0,0.460000008,-0.119999997,-12.21000004
02:49.4,0.200000003,-0.839999974,-10.77999973
02:49.7,0.370000005,-0.930000007,-11.81000042
02:50.0,0.340000004,-0.879999995,-12.48999977
02:50.3,-0.01,-0.289999992,-10.97000027
02:50.6,0.340000004,-0.569999993,-11.06999969
02:50.9,-0.02,-1,-11.75
02:51.3,-0.400000006,-1.110000014,-11.77000046
02:51.6,-0.270000011,-1.100000024,-11.48999977
02:51.9,0.319999993,-0.870000005,-10.39999962
02:52.2,-0.340000004,-0.460000008,-10.55000019
02:52.5,0.330000013,-1.429999948,-11.14999962
02:52.8,-0.330000013,-0.980000019,-10.64000034
02:53.1,-0.109999999,-0.419999987,-11.34000015
02:53.4,0.620000005,-0.620000005,-11.35000038
02:53.8,-0.109999999,-0.860000014,-10.97999954
02:54.1,0.100000001,-0.629999995,-11.31000042
02:54.4,0.25,-0.769999981,-12.02000046
02:54.7,-0.370000005,-1.049999952,-11.82999992
02:55.0,-0.5,-1.710000038,-13.42000008
02:55.3,-0.059999999,-1.019999981,-13.97999954
02:55.6,0.680000007,-0.5,-13.71000004
02:56.0,0.029999999,-1.370000005,-12.68000031
02:56.3,0.330000013,-1.5,-13.02999973
02:56.6,0.310000002,-0.569999993,-13.36999989
02:56.9,-0.079999998,-0.879999995,-13.32999992
02:57.2,-0.600000024,-1.25,-12.02000046
02:57.5,0.370000005,-0.730000019,-11.30000019
02:57.8,0.639999986,-0.889999986,-12.57999992
02:58.2,-0.400000006,-0.670000017,-11.73999977
02:58.5,0.050000001,-1.039999962,-11.02999973
02:58.8,0.689999998,-0.49000001,-11.85999966
02:59.1,-0.219999999,-0.280000001,-12.21000004
02:59.4,0.270000011,-0.569999993,-12.18000031
02:59.7,-0.140000001,-0.860000014,-11.56000042
03:00.0,0.200000003,-0.660000026,-11.14000034
03:00.4,0.25999999,-0.819999993,-11.61999989
03:00.7,0.25999999,-1.080000043,-11.52999973
03:01.0,0.25,-0.790000021,-11.13000011
03:01.3,0.479999989,-0.910000026,-11.32999992
03:01.6,0.680000007,-0.839999974,-11.03999996
03:01.9,0.159999996,-0.689999998,-11.81999969
03:02.2,-0.639999986,-1.120000005,-9.899999619
03:02.6,0.209999993,-0.860000014,-11.48999977
03:02.9,-0.230000004,-1.039999962,-12.06000042
03:03.2,0.639999986,-0.680000007,-11.23999977
03:03.5,-0.409999996,-0.75999999,-11.63000011
03:03.8,-0.620000005,-0.230000004,-11.82999992
03:04.1,-0.100000001,-1.450000048,-11.38000011
03:04.4,-0.150000006,-0.939999998,-12.10000038
03:04.8,0.300000012,-1.049999952,-11.84000015
03:05.1,0.519999981,-1.070000052,-11.47000027
03:05.4,0.75,-1.330000043,-11.96000004
03:05.7,0.170000002,-0.319999993,-10.5
03:06.0,0.699999988,-0.75,-11.98999977
03:06.3,-0.800000012,-1.320000052,-10.85000038
03:06.6,-0.879999995,-1.110000014,-11.59000015
03:07.0,-0.119999997,-0.930000007,-11.85000038
03:07.3,0.50999999,-1,-11.61999989
03:07.6,0.140000001,-0.790000021,-11.98999977
03:07.9,-0.189999998,-0.49000001,-11.38000011
03:08.2,-0.449999988,-0.529999971,-11.61999989
03:08.5,-0.300000012,-0.99000001,-11.59000015
03:08.8,0.560000002,-0.74000001,-11.47000027
03:09.1,-0.310000002,-0.340000004,-10.36999989
03:09.5,-0.230000004,-0.529999971,-12.18000031
03:09.8,-0.239999995,-1.389999986,-11.85999966
03:10.1,0.300000012,-0.189999998,-11.65999985
03:10.4,-0.540000021,-1.139999986,-10
03:10.7,-0.550000012,-0.75,-10.56999969
03:11.0,-0.569999993,-1.549999952,-10.98999977
03:11.4,0.289999992,-0.340000004,-10.98999977
03:11.7,-0.419999987,-1.039999962,-11.36999989
03:12.0,0.280000001,-0.899999976,-11.93999958
03:12.3,-0.670000017,-1.210000038,-10
03:12.6,-1.25,-1.070000052,-11.27000046
03:12.9,0.439999998,-0.910000026,-10.81000042
03:13.2,0.209999993,-1.070000052,-11.30000019
03:13.6,-0.129999995,-0.689999998,-12.13000011
03:13.9,-0.629999995,-0.430000007,-12.05000019
03:14.2,0.529999971,-1.149999976,-11.88000011
03:14.5,-0.02,-0.709999979,-10.81999969
03:14.8,0.039999999,-0.419999987,-10.82999992
03:15.1,0.479999989,-0.689999998,-10.93999958
03:15.4,-0.430000007,-1.480000019,-10.92000008
03:15.7,0.430000007,-0.639999986,-11.17000008
03:16.1,-0.400000006,-0.769999981,-10.94999981
03:16.4,0.25999999,-0.910000026,-11.88000011
03:16.7,0.129999995,-1.029999971,-11.68000031
03:17.0,0.529999971,-1.230000019,-11.18000031
03:17.3,0.600000024,-0.620000005,-11.60000038
03:17.6,-0.029999999,-0.850000024,-11.81000042
03:17.9,-0.270000011,-0.930000007,-9.75
03:18.3,-0.029999999,-0.850000024,-11.11999989
03:18.6,0.970000029,-0.610000014,-12.13000011
03:18.9,0.159999996,-0.730000019,-10.75
03:19.2,-0.059999999,-0.419999987,-12.22999954
03:19.5,1.129999995,-0.680000007,-11.68000031
03:19.8,-0.180000007,-0.579999983,-12.90999985
03:20.2,-0.059999999,-1.389999986,-11.89000034
03:20.5,0,-0.649999976,-11.10999966
03:20.8,0.589999974,-0.639999986,-11.82999992
03:21.1,-0.039999999,-0.660000026,-12.43999958
03:21.4,-0.140000001,-1.480000019,-10.82999992
03:21.7,-0.02,-1.389999986,-11.10000038
03:22.0,0.439999998,-1.210000038,-11.17000008
03:22.3,0.090000004,-0.709999979,-12.59000015
03:22.7,-0.379999995,-1.080000043,-11.68000031
03:23.0,-0.460000008,-0.660000026,-10.68000031
03:23.3,-0.25,-0.980000019,-11.47000027
03:23.6,-0.319999993,-0.589999974,-11.48999977
03:23.9,0.439999998,-0.800000012,-10.89000034
03:24.2,-0.519999981,-0.370000005,-11.10999966
03:24.5,0.300000012,-0.769999981,-12.02999973
03:24.9,-0.029999999,-0.119999997,-11.01000023
03:25.2,0.219999999,-0.479999989,-11.65999985
03:25.5,0.379999995,-1.190000057,-10.85000038
03:25.8,-0.280000001,-0.689999998,-11.82999992
03:26.1,-0.689999998,-1.309999943,-11.05000019
03:26.4,1.330000043,-0.409999996,-12.10000038
03:26.7,0.280000001,-1.409999967,-11.68000031
03:27.1,-0.109999999,-0.779999971,-11.47000027
03:27.4,0.430000007,-0.680000007,-11.27000046
03:27.7,0.180000007,-1.029999971,-11.10999966
03:28.0,-0.449999988,-1.059999943,-10.75
03:28.3,-0.100000001,-0.800000012,-12.06999969
03:28.6,-0.119999997,-1.139999986,-11.09000015
03:28.9,-0.980000019,-1.059999943,-11.85000038
03:29.2,0.389999986,-0.75999999,-10.60999966
03:29.6,-0.670000017,-0.460000008,-10.35999966
03:29.9,-0.25999999,-0.839999974,-10.64000034
03:30.2,-0.819999993,-1.029999971,-10.10000038
03:30.5,0.589999974,-0.360000014,-9.460000038
03:30.8,0.800000012,-0.550000012,-9.149999619
03:31.1,-0.449999988,-0.910000026,-9.479999542
03:31.5,0.150000006,-1.190000057,-10.02999973
03:31.8,-0.159999996,-0.980000019,-9.670000076
03:32.1,-0.680000007,-0.50999999,-9.789999962
03:32.4,-0.219999999,-0.790000021,-9.56000042
03:32.7,0.330000013,-0.899999976,-9.659999847
03:33.0,0.230000004,-0.589999974,-9.590000153
03:33.3,0.709999979,-0.600000024,-10.60999966
03:33.7,-0.180000007,-0.910000026,-9.43999958
03:34.0,0.5,-0.779999971,-9.300000191
03:34.3,0.159999996,-1.139999986,-9
03:34.6,0.310000002,-0.140000001,-9.670000076
03:34.9,-1.090000033,-1.25,-9.680000305
03:35.2,-0.860000014,-0.639999986,-8.869999886
03:35.5,0.720000029,-0.409999996,-9.529999733
03:35.8,0.029999999,-0.610000014,-9.739999771
03:36.2,-0.469999999,-0.75,-9.390000343
03:36.5,0,-0.589999974,-9.43999958
03:36.8,-0.340000004,-0.829999983,-8.930000305
03:37.1,-0.180000007,-0.560000002,-10.92000008
03:37.4,0.219999999,-1.179999948,-9.81000042
03:37.7,-0.930000007,-1.019999981,-9.539999962
03:38.0,-0.07,-0.430000007,-9.899999619
03:38.4,-0.090000004,-0.790000021,-11.09000015
03:38.7,-0.25999999,-0.560000002,-11.22999954
03:39.0,-0.330000013,-0.810000002,-11.92000008
03:39.3,-0.079999998,-0.829999983,-9.399999619
03:39.6,0.540000021,-0.649999976,-11.22999954
03:39.9,-0.400000006,-0.629999995,-11
03:40.3,0.219999999,-0.879999995,-11.90999985
03:40.6,0.600000024,-0.829999983,-11.75
03:40.9,0.100000001,-0.699999988,-13.21000004
03:41.2,0,-1.019999981,-12.42000008
03:41.5,0.680000007,-0.930000007,-13.07999992
03:41.8,0.180000007,-0.389999986,-13.94999981
03:42.1,-0.330000013,-0.689999998,-13.06999969
03:42.4,-0.159999996,-0.930000007,-12.96000004
03:42.8,0.170000002,-0.920000017,-13.69999981
03:43.1,-0.25999999,-1.549999952,-13.71000004
03:43.4,0.289999992,-0.569999993,-12.80000019
03:43.7,0.100000001,-0.939999998,-13.52000046
03:44.0,-0.74000001,-1,-11.34000015
03:44.3,-0.379999995,-1.190000057,-11.27000046
03:44.6,0.860000014,-0.930000007,-13.05000019
03:45.0,-0.810000002,-1.070000052,-11.27000046
03:45.3,-0.170000002,-1.269999981,-11.88000011
03:45.6,-0.02,-0.930000007,-11.97999954
03:45.9,0.109999999,-1.230000019,-11.80000019
03:46.2,-0.50999999,-0.810000002,-12.06000042
03:46.5,-0.479999989,-0.75999999,-10.97000027
03:46.8,1.00999999,-0.879999995,-11.68000031
03:47.2,0.059999999,-0.839999974,-11.42000008
03:47.5,0.239999995,-0.469999999,-11.40999985
03:47.8,0.25999999,-1.24000001,-11.48999977
03:48.1,0.349999994,-0.550000012,-10.94999981
03:48.4,-0.720000029,-0.899999976,-11.15999985
03:48.7,-0.090000004,-0.569999993,-12.46000004
03:49.0,0.280000001,-0.920000017,-11.39000034
03:49.4,0.150000006,-0.720000029,-11.71000004
03:49.7,1.350000024,-0.860000014,-13.03999996
03:50.0,-0.170000002,-0.560000002,-11.14000034
03:50.3,1.340000033,-0.419999987,-11.81999969
03:50.6,-0.430000007,-1.129999995,-10.96000004
03:50.9,0.370000005,-0.779999971,-12.03999996
03:51.2,0.100000001,-0.109999999,-11.26000023
03:51.6,0.129999995,-0.529999971,-10.73999977
03:51.9,0.310000002,-0.709999979,-10.32999992
03:52.2,0.49000001,-1.379999995,-11.51000023
03:52.5,-0.189999998,-1.029999971,-11.36999989
03:52.8,0.300000012,-0.850000024,-12.5
03:53.1,-0.810000002,-1.269999981,-12.32999992
03:53.4,0.25999999,-1,-13.02999973
03:53.8,-0.109999999,-1.039999962,-14.22000027
03:54.1,0.289999992,-0.600000024,-14.14000034
03:54.4,-0.01,-1.480000019,-13.57999992
03:54.7,-0.5,-0.889999986,-13.09000015
03:55.0,-0.529999971,-0.75999999,-12.14999962
03:55.3,-0.090000004,-0.75999999,-12.19999981
03:55.6,0.469999999,-0.769999981,-13.55000019
03:56.0,0.140000001,-0.899999976,-12.21000004
03:56.3,-0.119999997,-0.829999983,-12.30000019
03:56.6,-0.469999999,-0.930000007,-12.17000008
03:56.9,0.300000012,-1.059999943,-12.01000023
03:57.2,0.569999993,-0.479999989,-12.75
03:57.5,-0.379999995,-1.139999986,-11.97000027
03:57.8,0.029999999,-0.689999998,-12.31000042
03:58.1,-0.02,-1.090000033,-12.97000027
03:58.5,0.119999997,-0.850000024,-12.97999954
03:58.8,0.319999993,-0.689999998,-12.35999966
03:59.1,0.689999998,-0.540000021,-12.02999973
03:59.4,-0.610000014,-1.059999943,-12.43000031
03:59.7,-0.340000004,-0.790000021,-10.80000019
04:00.0,-0.620000005,-1.649999976,-12.32999992
04:00.4,-0.230000004,-0.930000007,-11.27999973
04:00.7,0.109999999,-0.449999988,-12.10000038
04:01.0,0.239999995,-1,-11.89999962
04:01.3,0.289999992,-0.800000012,-12.32999992
04:01.6,-0.25,-1.039999962,-10.69999981
04:01.9,0.25,-0.779999971,-11.90999985
04:02.2,0.289999992,-0.439999998,-11.96000004
04:02.6,0.200000003,-1.029999971,-11.77000046
04:02.9,0.479999989,-1.059999943,-12.13000011
04:03.2,-0.090000004,-0.529999971,-11.60000038
04:03.5,0.289999992,-0.709999979,-10.72000027
04:03.8,0.5,-0.720000029,-11.88000011
04:04.1,-0.109999999,-1.019999981,-11.64999962
04:04.4,0.170000002,-0.540000021,-10.98999977
04:04.7,0.289999992,-1.220000029,-10.78999996
04:05.1,-0.230000004,-0.920000017,-10.14000034
04:05.4,0.860000014,-0.899999976,-12.40999985
04:05.7,0.699999988,-0.769999981,-11.60999966
04:06.0,0.140000001,-0.479999989,-10.90999985
04:06.3,0.189999998,-0.439999998,-11.64999962
04:06.6,-0.389999986,-1.019999981,-11.77999973
04:06.9,0.550000012,-0.600000024,-11.19999981
04:07.3,-0.400000006,-1.360000014,-11.59000015
04:07.6,-0.479999989,-0.800000012,-11.21000004
04:07.9,-0.280000001,-1.789999962,-10.90999985
04:08.2,0.819999993,-0.370000005,-10.14000034
04:08.5,0.090000004,-1.419999957,-12.18000031
04:08.8,0.059999999,-0.839999974,-11.15999985
04:09.2,0.02,-0.899999976,-11.38000011
04:09.5,-0.720000029,-0.300000012,-11.60999966
04:09.8,0,-0.800000012,-12.21000004
04:10.1,-0.25999999,-0.779999971,-11.89999962
04:10.4,-0.469999999,-1.149999976,-11.53999996
04:10.7,0.129999995,-0.409999996,-12.39000034
04:11.0,0.140000001,-1.169999957,-11.27000046
04:11.3,0.219999999,-1.279999971,-12.42000008
04:11.7,-0.230000004,-0.810000002,-12.07999992
04:12.0,-0.07,-0.5,-12.15999985
04:12.3,0.159999996,-1.159999967,-12.77999973
04:12.6,-0.519999981,-1.039999962,-12.35999966
04:12.9,-0.140000001,-0.569999993,-11.77000046
04:13.2,-0.280000001,-0.569999993,-12.51000023
04:13.5,0.119999997,-1.25,-12.28999996
04:13.9,0.980000019,-1.360000014,-12.68000031
04:14.2,0.540000021,-0.689999998,-12.78999996
04:14.5,-0.449999988,-0.74000001,-13.64999962
04:14.8,0.289999992,-1.629999995,-11.84000015
04:15.1,0.090000004,-0.479999989,-12.85000038
04:15.4,-0.07,-0.860000014,-12.35000038
04:15.7,-0.02,-0.219999999,-12.19999981
04:16.1,-0.379999995,-1.340000033,-11.34000015
04:16.4,0.239999995,-1.070000052,-13.43000031
04:16.7,-0.090000004,-0.379999995,-13.07999992
04:17.0,0.430000007,-1.120000005,-13.22999954
04:17.3,-0.289999992,-1.429999948,-12.96000004
04:17.6,-0.050000001,-0.949999988,-12.85999966
04:17.9,0.07,-0.280000001,-13.27999973
04:18.3,0.170000002,-0.529999971,-11.80000019
04:18.6,0.310000002,-1.659999967,-12.52999973
04:18.9,-0.479999989,-1.090000033,-11.84000015
04:19.2,0.25,-0.579999983,-12.84000015
04:19.5,0.219999999,-1.230000019,-13.40999985
04:19.8,0.090000004,-1.029999971,-12.97000027
04:20.1,0.540000021,-0.529999971,-12.14000034
04:20.5,1.019999981,-0.469999999,-12.65999985
04:20.8,0.370000005,-0.620000005,-13.69999981
04:21.1,-0.289999992,-1.519999981,-12.43000031
04:21.4,-0.050000001,-0.99000001,-12.88000011
04:21.7,0.680000007,-0.980000019,-13.03999996
04:22.0,-0.689999998,-1.399999976,-11.47999954
04:22.3,-0.349999994,-0.5,-12.84000015
04:22.7,0.170000002,-0.569999993,-12.89000034
04:23.0,-0.829999983,-0.779999971,-12.09000015
04:23.3,0.109999999,-0.959999979,-12.15999985
04:23.6,-0.109999999,-0.600000024,-12.59000015
04:23.9,0.07,-1.399999976,-11.76000023
04:24.2,-0.25,-0.50999999,-12.06999969
04:24.5,-0.109999999,-1.169999957,-11.07999992
04:24.9,0.569999993,-0.430000007,-11.5
04:25.2,0.119999997,-0.839999974,-12.67000008
04:25.5,-0.200000003,-0.870000005,-12.39999962
04:25.8,0.150000006,-0.810000002,-11.96000004
04:26.1,0.340000004,-0.810000002,-10.72000027
04:26.4,0.25999999,-0.639999986,-11.19999981
04:26.7,-0.079999998,-0.819999993,-9.68999958
04:27.0,-0.239999995,-1.149999976,-10.07999992
04:27.4,-0.790000021,-0.670000017,-10.11999989
04:27.7,1.210000038,-0.899999976,-10.61999989
04:28.0,0.400000006,-0.529999971,-10.73999977
04:28.3,0.430000007,-1.070000052,-10.56000042
04:28.6,0.360000014,0.090000004,-10.92000008
04:28.9,-0.01,-0.769999981,-11.81000042
04:29.3,0.090000004,-0.280000001,-11.63000011
04:29.6,-0.569999993,-0.959999979,-10.67000008
04:29.9,0,-0.910000026,-11.22000027
04:30.2,0.01,-0.889999986,-10.90999985
04:30.5,0.129999995,-0.75999999,-11.21000004
04:30.8,-0.389999986,-0.800000012,-11.11999989
04:31.1,0.720000029,-0.280000001,-11.35000038
04:31.5,0.289999992,-1.00999999,-11.03999996
04:31.8,-0.469999999,-1.460000038,-11.18999958
04:32.1,0.170000002,-0.839999974,-11.64000034
04:32.4,0.209999993,-0.469999999,-11.77999973
04:32.7,0.209999993,-0.449999988,-10.82999992
04:33.0,0.839999974,-0.800000012,-12.92000008
04:33.3,-0.639999986,-1.090000033,-11.05000019
04:33.6,-0.25999999,-0.469999999,-10.89000034
04:34.0,0.460000008,-0.74000001,-11.48999977
04:34.3,-0.280000001,-0.899999976,-11.21000004
04:34.6,-0.02,-1.00999999,-11.39000034
04:34.9,-0.289999992,-1.220000029,-11.06999969
04:35.2,-0.150000006,-0.800000012,-11.97999954
04:35.5,-0.5,-1.230000019,-11.09000015
04:35.8,0.159999996,-0.819999993,-12.39000034
04:36.2,-0.300000012,-0.920000017,-10.59000015
04:36.5,0.109999999,-0.5,-10.47000027
04:36.8,0.039999999,-1.549999952,-11.36999989
04:37.1,-0.02,-0.689999998,-11.43999958
04:37.4,-0.219999999,-0.800000012,-11.82999992
04:37.7,-0.079999998,-0.479999989,-12.25
04:38.1,-0.189999998,-0.74000001,-12.06000042
04:38.4,-1.029999971,-1.059999943,-10.72999954
04:38.7,-0.49000001,-0.589999974,-10.96000004
04:39.0,-0.389999986,-0.810000002,-10.52000046
04:39.3,-0.340000004,-1.139999986,-11.81999969
04:39.6,0.860000014,-1.299999952,-10.43999958
04:39.9,-0.059999999,-0.800000012,-10.94999981
04:40.2,-0.25999999,-0.860000014,-11.17000008
04:40.6,0.180000007,-0.730000019,-11.67000008
04:40.9,0.150000006,-0.74000001,-10.23999977
04:41.2,-0.239999995,-0.699999988,-11.42000008
04:41.5,0.569999993,-1.230000019,-11.34000015
04:41.8,0.150000006,-0.889999986,-10.82999992
04:42.1,0.050000001,-0.850000024,-9.020000458
04:42.4,0.119999997,-0.529999971,-10.21000004
04:42.8,0.569999993,-0.540000021,-11.01000023
04:43.1,0.100000001,-1.179999948,-10.72999954
04:43.4,0.49000001,-1.309999943,-10.88000011
04:43.7,0.029999999,-0.460000008,-10.18000031
04:44.0,-0.330000013,-0.910000026,-11.22000027
04:44.3,0.07,-0.920000017,-10.97000027
04:44.6,1.330000043,-1.289999962,-11.65999985
04:45.0,-0.569999993,-1.049999952,-11.22000027
04:45.3,0.07,-0.709999979,-10.15999985
04:45.6,0.050000001,-0.230000004,-9.649999619
04:45.9,0.100000001,-1.059999943,-10.43999958
04:46.2,0.209999993,-0.800000012,-9.510000229
04:46.5,0.170000002,-0.629999995,-9.409999847
04:46.8,-0.079999998,-0.569999993,-10.26000023
04:47.1,0.180000007,-0.790000021,-10.10000038
04:47.5,-0.270000011,-1.179999948,-10.30000019
04:47.8,0.379999995,-0.779999971,-9.760000229
04:48.1,0.850000024,-0.74000001,-9.449999809
04:48.4,-0.319999993,-0.529999971,-8.180000305
04:48.7,0.140000001,-0.439999998,-8.720000267
04:49.0,0.129999995,-1.00999999,-8.210000038
04:49.4,0.319999993,-0.379999995,-7.809999943
04:49.7,0.270000011,-0.639999986,-8.140000343
04:50.0,0.289999992,-1.049999952,-8.270000458
04:50.3,0.029999999,-0.819999993,-8.06000042
04:50.6,-0.109999999,-0.970000029,-8.289999962
04:50.9,0.660000026,-0.50999999,-8.319999695
04:51.2,0.189999998,-0.689999998,-6.300000191
04:51.6,-0.300000012,-0.870000005,-7.400000095
04:51.9,-0.109999999,-0.75,-6.179999828
04:52.2,0.119999997,-0.200000003,-7.269999981
04:52.5,0.469999999,-0.079999998,-6.639999866
04:52.8,1.090000033,-1.139999986,-7.579999924
04:53.1,-0.330000013,-0.340000004,-6.900000095
04:53.4,-0.370000005,-0.870000005,-6.190000057
04:53.7,0.119999997,-0.519999981,-7.940000057
04:54.1,0.660000026,-0.49000001,-8.06000042
04:54.4,-0.409999996,-1.289999962,-6.489999771
04:54.7,0.389999986,-0.180000007,-6.53000021
04:55.0,1.059999943,-0.400000006,-6.730000019
04:55.3,0.039999999,-0.810000002,-7.460000038
04:55.6,0.219999999,-0.25,-7.869999886
04:55.9,-0.340000004,-0.790000021,-6.920000076
04:56.3,-0.289999992,-0.620000005,-7.349999905
04:56.6,0.519999981,-0.569999993,-7.409999847
04:56.9,-0.550000012,-0.75999999,-8.140000343
04:57.2,-1.019999981,-0.949999988,-8.630000114
04:57.5,0.310000002,-0.579999983,-9.630000114
04:57.8,0.860000014,-0.079999998,-8.279999733
04:58.2,0.560000002,-0.449999988,-9.319999695
04:58.5,0.209999993,-0.519999981,-10.60999966
04:58.8,-0.059999999,-0.579999983,-10.72000027
04:59.1,0.50999999,-1.090000033,-10.81000042
04:59.4,-0.340000004,-0.699999988,-11.39999962
04:59.7,0.159999996,-1.090000033,-12.47000027
05:00.0,0.129999995,-0.879999995,-13.75
05:00.3,0.100000001,-0.970000029,-13.98999977
05:00.7,-0.319999993,-0.910000026,-13.94999981
05:01.0,-0.129999995,-0.920000017,-12.71000004
05:01.3,-0.050000001,-1.360000014,-13.64999962
05:01.6,-0.109999999,-0.829999983,-14.31999969
05:01.9,0.200000003,-1.399999976,-16.12000084
05:02.2,0.800000012,-0.600000024,-16.27000046
05:02.5,0.270000011,-1.080000043,-16.34000015
05:02.9,-0.980000019,-0.939999998,-15
05:03.2,-0.090000004,-0.649999976,-15.35000038
05:03.5,-0.209999993,-1.200000048,-15.68000031
05:03.8,0.01,-0.850000024,-16.19000053
05:04.1,-0.209999993,-0.810000002,-16.19000053
05:04.4,0.519999981,-0.889999986,-16.32999992
05:04.7,0.649999976,-1.350000024,-16.48999977
05:05.1,0.150000006,-0.870000005,-16.30999947
05:05.4,-0.620000005,-0.779999971,-16.57999992
05:05.7,0.50999999,-1.070000052,-16.53000069
05:06.0,-0.330000013,-1.450000048,-16.96999931
05:06.3,-0.219999999,-1.289999962,-16.34000015
05:06.6,-0.670000017,-1.870000005,-16.57999992
05:06.9,-0.050000001,-1.610000014,-16.95999908
05:07.3,-0.449999988,-1.769999981,-16.78000069
05:07.6,0.430000007,-1.220000029,-17.06999969
05:07.9,0.200000003,-1.230000019,-17.61000061
05:08.2,-0.579999983,-1.309999943,-16.87000084
05:08.5,-0.119999997,-1.340000033,-17.40999985
05:08.8,-0.610000014,-1.230000019,-16.79000092
05:09.1,-0.079999998,-1.519999981,-17.46999931
05:09.5,0.219999999,-1.480000019,-16.47999954
05:09.8,-0.360000014,-1.710000038,-15.88000011
05:10.1,0.159999996,-0.959999979,-16.47999954
05:10.4,-0.409999996,-1.059999943,-16.71999931
05:10.7,-0.409999996,-1.100000024,-16.27000046
05:11.0,-0.439999998,-1.549999952,-16.30999947
05:11.3,-0.140000001,-1.929999948,-17.55999947
05:11.7,-0.170000002,-1.850000024,-17.44000053
05:12.0,0.379999995,-0.75,-16.43000031
05:12.3,-0.150000006,-1.379999995,-17.62000084
05:12.6,0.090000004,-1.279999971,-17.10000038
05:12.9,-0.200000003,-1.25,-17.37999916
05:13.2,-0.050000001,-1.039999962,-17.63999939
05:13.5,-1.059999943,-1.74000001,-16.78000069
05:13.9,-0.310000002,-1.580000043,-17.36000061
05:14.2,0,-1.700000048,-16.96999931
05:14.5,-0.200000003,-1.539999962,-16.25
05:14.8,-0.810000002,-1.5,-16.02000046
05:15.1,0.129999995,-2.089999914,-16.38999939
05:15.4,-0.340000004,-1.639999986,-15.78999996
05:15.7,-0.75999999,-1.279999971,-16.04000092
05:16.0,0.270000011,-1.639999986,-16.73999977
05:16.4,0.02,-1.480000019,-15.14000034
05:16.7,-0.180000007,-1.50999999,-15.94999981
05:17.0,-0.419999987,-2.049999952,-15.56000042
05:17.3,-0.25,-1.899999976,-15.63000011
05:17.6,-0.230000004,-1.570000052,-15.27000046
05:17.9,-0.209999993,-1.480000019,-15.02999973
05:18.3,0.059999999,-1.909999967,-16.29000092
05:18.6,0.200000003,-1.580000043,-15.21000004
05:18.9,0.230000004,-1.549999952,-14.64999962
05:19.2,0.310000002,-1.480000019,-14.07999992
05:19.5,-0.49000001,-1.919999957,-13.51000023
05:19.8,-0.409999996,-1.649999976,-13.52000046
05:20.1,-0.270000011,-1.830000043,-13.15999985
05:20.5,-0.029999999,-1.409999967,-13.28999996
05:20.8,0.289999992,-1.440000057,-12.80000019
05:21.1,0.189999998,-1.789999962,-13.06999969
05:21.4,0.340000004,-1.870000005,-13.36999989
05:21.7,0.340000004,-1.379999995,-13.13000011
05:22.0,-0.059999999,-2.24000001,-13.77000046
05:22.3,0.360000014,-1.929999948,-13.42000008
05:22.6,-0.409999996,-1.480000019,-13.10999966
05:23.0,0.230000004,-1.929999948,-12.82999992
05:23.3,0.150000006,-1.769999981,-12.52000046
05:23.6,0.270000011,-1.470000029,-13.01000023
05:23.9,-0.129999995,-1.690000057,-12.06000042
05:24.2,0.75999999,-1.700000048,-10.89999962
05:24.5,-0.050000001,-1.570000052,-11.89000034
05:24.8,0.109999999,-1.120000005,-11.13000011
05:25.2,0.090000004,-1.470000029,-11.72000027
05:25.5,-0.039999999,-1.25,-10.67000008
05:25.8,-0.310000002,-1.779999971,-10.68999958
05:26.1,-0.059999999,-1.129999995,-10.73999977
05:26.4,0.389999986,-1.330000043,-10.52000046
05:26.7,-0.150000006,-1.139999986,-10.22999954
05:27.1,0.25999999,-1.309999943,-8.590000153
05:27.4,-0.330000013,-1.25,-7.800000191
05:27.7,0.25999999,-1.139999986,-5.619999886
05:28.0,-0.100000001,-0.430000007,-3.859999895
05:28.3,0.219999999,-0.540000021,-1.720000029
05:28.6,0.239999995,-0.600000024,-0.75999999
05:28.9,-0.01,-0.270000011,-0.189999998
05:29.2,0.150000006,-0.059999999,0.469999999
05:29.6,0.419999987,-0.340000004,-0.340000004
05:29.9,0.469999999,-0.379999995,-1.299999952
05:30.2,0.050000001,-0.280000001,-1.019999981
05:30.5,0.330000013,-0.129999995,-1.289999962
05:30.8,0.529999971,-0.409999996,-1.399999976
05:31.1,0.939999998,-0.170000002,-0.920000017
05:31.4,0.660000026,-0.25,-0.959999979
05:31.8,0.5,-0.079999998,-0.409999996
05:32.1,0.589999974,0.270000011,-0.109999999
05:32.4,0.560000002,0.140000001,0.25
05:32.7,0.200000003,0.059999999,-0.340000004
05:33.0,0.439999998,-0.230000004,-0.079999998
05:33.3,0.289999992,0.050000001,-0.379999995
05:33.7,0.159999996,0.059999999,0.140000001
05:34.0,0,-0.680000007,-0.289999992
05:34.3,0.479999989,-0.129999995,0.129999995
05:34.6,0.230000004,-0.219999999,0.379999995
05:34.9,0.310000002,-0.680000007,-0.150000006
05:35.2,0.25999999,-0.189999998,-0.079999998
05:35.5,0.50999999,-0.400000006,-0.409999996
05:35.8,0.059999999,-0.449999988,-0.579999983
05:36.2,0.340000004,-0.180000007,0.050000001
05:36.5,0.349999994,0.090000004,0.370000005
05:36.8,0.529999971,-0.449999988,0.670000017
05:37.1,0.25,-0.140000001,-0.090000004
05:37.4,0.49000001,0.180000007,0.270000011
05:37.7,0.720000029,-0.150000006,0
05:38.0,0.289999992,-0.529999971,0.25
05:38.4,0.200000003,0.059999999,0.300000012
05:38.7,0.560000002,0.029999999,0.419999987
05:39.0,0.600000024,0.059999999,-0.75
05:39.3,0.620000005,-0.319999993,0.07
05:39.6,0.180000007,-0.560000002,0.25
05:39.9,0.769999981,0.180000007,0.5
05:40.3,0.310000002,-0.449999988,-0.479999989
05:40.6,0.5,-0.239999995,-0.360000014
05:40.9,0.879999995,-0.109999999,-0.529999971
05:41.2,0.389999986,-0.189999998,0.079999998
05:41.5,0.649999976,-0.389999986,0.140000001
05:41.8,0.159999996,-0.439999998,0.340000004
05:42.1,0.579999983,0.039999999,0.829999983
05:42.4,0.239999995,-0.109999999,0.649999976
05:42.8,0.5,-0.109999999,0.540000021
05:43.1,1.00999999,0.239999995,-0.159999996
05:43.4,0.340000004,-0.170000002,0.660000026
05:43.7,0.119999997,-0.550000012,-0.01
05:44.0,0.670000017,-0.029999999,0.300000012
05:44.3,0.379999995,-0.419999987,-0.400000006
05:44.6,0.540000021,-0.050000001,-0.200000003
05:45.0,0.159999996,0.430000007,-0.180000007
05:45.3,0.219999999,0.230000004,0.02
05:45.6,1.169999957,0.289999992,-0.980000019
05:45.9,0.709999979,0.07,0.219999999
05:46.2,0.109999999,-0.239999995,0.660000026
05:46.5,0.569999993,-0.07,-0.349999994
05:46.9,0.209999993,-0.059999999,-0.529999971
05:47.2,0.400000006,0.090000004,-0.579999983
05:47.5,0.119999997,-0.209999993,-2.359999895
05:47.8,0.07,-0.340000004,-2.210000038
05:48.1,-0.029999999,-0.129999995,-3.019999981
05:48.4,0.189999998,-0.039999999,-3.359999895
05:48.7,0.219999999,-0.409999996,-4.369999886
05:49.0,0.330000013,-0.430000007,-4.260000229
05:49.4,0.519999981,-0.219999999,-5.139999866
05:49.7,0.319999993,-0.430000007,-5.739999771
05:50.0,0.629999995,-0.280000001,-6.880000114
05:50.3,0.340000004,-0.699999988,-7.880000114
05:50.6,0.25999999,-0.439999998,-8.960000038
05:50.9,0.079999998,-0.460000008,-9.81000042
05:51.2,-0.059999999,-1.039999962,-9.68999958
05:51.6,0.039999999,-0.540000021,-10.48999977
05:51.9,-0.039999999,-0.959999979,-11.21000004
05:52.2,-0.529999971,-0.949999988,-11.26000023
05:52.5,0.01,-0.449999988,-11.27000046
05:52.8,-0.129999995,-0.75,-11.56000042
05:53.1,0.050000001,-1.029999971,-12.22999954
05:53.4,-0.360000014,-0.75,-12.34000015
05:53.8,0.090000004,-1.149999976,-12.31000042
05:54.1,-0.140000001,-1.210000038,-12.78999996
05:54.4,-0.280000001,-0.800000012,-12.96000004
05:54.7,-0.620000005,-1.019999981,-13.56000042
05:55.0,-0.419999987,-0.660000026,-13.09000015
05:55.3,-0.25,-0.99000001,-13.56000042
05:55.6,-0.550000012,-0.939999998,-13.51000023
05:56.0,-0.090000004,-0.879999995,-14.14999962
05:56.3,-0.340000004,-0.930000007,-13.39999962
05:56.6,-0.389999986,-0.879999995,-13.85000038
05:56.9,-0.140000001,-1.169999957,-14.47999954
05:57.2,0.300000012,-0.779999971,-14.42000008
05:57.5,0.140000001,-0.959999979,-13.93000031
05:57.8,-0.129999995,-1.090000033,-14.01000023
05:58.2,0.01,-1.080000043,-14.39000034
05:58.5,0.280000001,-1.149999976,-14.57999992
05:58.8,0.219999999,-0.730000019,-14.67000008
05:59.1,-0.079999998,-0.949999988,-14.35999966
05:59.4,0.109999999,-0.790000021,-15.30000019
05:59.7,-0.02,-1.379999995,-15.46000004
,,,
,,,
,,,
,,,
,,,
,,,
,,,
,,,
,,,
,,,
,,,
,,,
,,,
,,,
,,,
,,,
,,,
,,,
,,,
,,,
,,,
,,,
,,,
,,,
,,,
,,,
,,,
,,,
,,,
,,,
,,,
,,,
,,,
,,,
,,,
,,,
,,,
,,,
,,,
,,,
,,,
,,,
,,,
,,,
,,,
,,,
,,,
,,,
,,,
,,,
,,,
,,,
,,,
,,,
,,,
,,,
,,,
,,,
,,,
,,,
,,,
,,,
,,,
,,,
,,,
,,,
,,,
,,,
,,,
,,,
,,,
,,,
,,,
,,,
,,,
,,,
,,,
,,,
,,,
,,,
,,,
,,,
,,,
,,,
,,,
,,,
,,,
,,,
,,,
,,,
,,,
,,,
,,,
,,,
,,,
,,,
,,,
,,,
,,,
,,,
,,,
,,,
,,,
,,,
,,,
,,,
,,,
,,,
,,,
,,,
,,,
,,,
,,,
,,,
,,,
,,,
,,,
,,,
,,,
,,,
,,,
,,,
,,,
,,,
,,,
,,,
,,,
,,,
,,,
,,,
,,,
,,,
,,,
,,,
,,,
,,,
,,,
,,,
,,,
,,,
,,,
,,,
,,,
,,,
,,,
,,,
,,,
,,,
,,,
,,,
,,,
,,,
,,,
,,,
,,,
,,,
,,,
,,,
,,,
,,,
,,,
,,,
,,,
,,,
,,,
,,,
,,,
,,,
,,,
,,,
,,,
,,,
,,,
,,,
,,,
,,,
,,,
,,,
,,,
,,,
,,,
,,,
,,,
,,,
,,,
,,,
,,,
,,,
,,,
,,,
,,,
,,,
,,,
,,,
,,,
,,,
,,,
,,,
,,,
,,,
,,,
,,,
,,,
,,,
,,,
,,,
,,,
,,,
,,,
,,,
,,,
,,,
,,,
,,,
,,,
,,,
,,,
,,,
,,,
,,,
,,,
,,,
,,,
,,,
,,,
,,,
,,,
,,,
,,,
,,,
,,,
,,,
,,,
,,,
,,,
,,,
,,,
,,,
,,,
,,,
,,,
,,,
,,,
,,,
,,,
,,,
,,,
,,,
,,,
,,,
,,,
,,,
,,,
,,,
,,,
,,,
,,,
,,,
,,,
,,,
,,,
,,,
,,,
,,,
,,,
,,,
,,,
,,,
,,,
,,,
,,,
,,,
,,,
,,,
,,,
,,,
,,,
,,,
,,,
,,,
,,,
,,,
,,,
,,,
,,,
,,,
,,,
,,,
,,,
,,,
,,,
,,,
,,,
,,,
,,,
,,,
,,,
,,,
,,,
,,,
,,,
,,,
,,,
,,,
,,,
,,,
,,,
,,,
,,,
,,,
,,,
,,,
,,,
,,,
,,,
,,,
,,,
,,,
,,,
,,,
,,,
,,,
,,,
,,,
,,,
,,,
,,,
,,,
,,,
,,,
,,,
,,,
,,,
,,,
,,,
,,,
,,,
,,,
,,,
,,,
,,,
,,,
,,,
,,,
,,,
,,,
,,,
,,,
,,,
,,,
,,,
,,,
,,,
,,,
,,,
,,,
,,,
,,,
,,,
,,,
,,,
,,,
,,,
,,,
,,,
,,,
,,,
,,,
,,,
,,,
,,,
,,,
,,,
,,,
,,,
,,,
,,,
,,,
,,,
,,,
,,,
,,,
,,,
,,,
,,,
,,,
,,,
,,,
,,,
,,,
,,,
,,,
,,,
,,,
,,,
,,,
,,,
,,,
,,,
,,,
,,,
,,,
,,,
,,,
,,,
,,,
,,,
,,,
,,,
,,,
,,,
,,,
,,,
,,,
,,,
,,,
,,,
,,,
,,,
,,,
,,,
,,,
,,,
,,,
,,,
,,,
,,,
,,,
,,,
,,,
,,,
,,,
,,,
,,,
,,,
,,,
,,,
,,,
,,,
,,,
,,,
,,,
,,,
,,,
,,,
,,,
,,,
,,,
,,,
,,,
,,,
,,,
,,,
,,,
,,,
,,,
,,,
,,,
,,,
,,,
,,,
,,,
,,,
,,,
,,,
,,,
,,,
,,,
,,,
,,,
,,,
,,,
,,,
,,,
,,,
,,,
,,,
,,,
,,,
,,,
,,,
,,,
,,,
,,,
,,,
,,,
,,,
,,,
,,,
,,,
,,,
,,,
,,,
,,,
,,,
,,,
,,,
,,,
,,,
,,,
,,,
,,,
,,,
,,,
,,,
,,,
,,,
,,,
,,,
,,,
,,,
,,,
,,,
,,,
,,,
,,,
,,,
,,,
,,,
,,,
,,,
,,,
,,,
,,,
,,,
,,,
,,,
,,,
,,,
,,,
,,,
,,,
,,,
,,,
,,,
,,,
,,,
,,,
,,,
,,,
,,,
,,,
,,,
,,,
,,,
,,,
,,,
,,,
,,,
,,,
,,,
,,,
,,,
,,,
,,,
,,,
,,,
,,,
,,,
,,,
,,,
,,,
,,,
,,,
,,,
,,,
,,,
,,,
,,,
,,,
,,,
,,,
,,,
,,,
,,,
,,,
,,,
,,,
,,,
,,,
,,,
,,,
,,,
,,,
,,,
,,,
,,,
,,,
,,,
,,,
,,,
,,,
,,,
,,,
,,,
,,,
,,,
,,,
,,,
,,,
,,,
,,,
,,,
,,,
,,,
,,,
,,,
,,,
,,,
,,,
,,,
,,,
,,,
,,,
,,,
,,,
,,,
,,,
,,,
,,,
,,,
,,,
,,,
,,,
,,,
,,,
,,,
,,,
,,,
,,,
,,,
,,,
,,,
,,,
,,,
,,,
,,,
,,,
,,,
,,,
,,,
,,,
,,,
,,,
,,,
,,,
,,,
,,,
,,,
,,,
,,,
,,,
,,,
,,,
,,,
,,,
,,,
,,,
,,,
,,,
,,,
,,,
,,,
,,,
,,,
,,,
,,,
,,,
,,,
,,,
,,,
,,,
,,,
,,,
,,,
,,,
,,,
,,,
,,,
,,,
,,,
,,,
,,,
,,,
,,,
,,,
,,,
,,,
,,,
,,,
,,,
,,,
,,,
,,,
,,,
,,,
,,,
,,,
,,,
,,,
,,,
,,,
,,,
,,,
,,,
,,,
,,,
,,,
,,,
,,,
,,,
,,,
,,,
,,,
,,,
,,,
,,,
,,,
,,,
,,,
,,,
,,,
,,,
,,,
,,,
,,,
,,,
,,,
,,,
,,,
,,,
,,,
,,,
,,,
,,,
,,,
,,,
,,,
,,,
,,,
,,,
,,,
,,,
,,,
,,,
,,,
,,,
,,,
,,,
,,,
,,,
,,,
,,,
,,,
,,,
,,,
,,,
,,,
,,,
,,,
,,,
,,,
,,,
,,,
,,,
,,,
,,,
,,,
,,,
,,,
,,,
,,,
,,,
,,,
,,,
,,,
,,,
,,,
,,,
,,,
,,,
,,,
,,,
,,,
,,,
,,,
,,,
,,,
,,,
,,,
,,,
,,,
,,,
,,,
,,,
,,,
,,,
,,,
,,,
,,,
,,,
,,,
,,,
,,,
,,,
,,,
,,,
,,,
,,,
,,,
,,,
,,,
,,,
,,,
,,,
,,,
,,,
,,,
,,,
,,,
,,,
,,,
,,,
,,,
,,,
,,,
,,,
,,,
,,,
,,,
,,,
,,,
,,,
,,,
,,,
,,,
,,,
,,,
,,,
,,,
,,,
,,,
,,,
,,,
,,,
,,,
,,,
,,,
,,,
,,,
,,,
,,,
,,,
,,,
,,,
,,,
,,,
,,,
,,,
,,,
,,,
,,,
,,,
,,,
,,,
,,,
,,,
,,,
,,,
,,,
,,,
,,,
,,,
,,,
,,,
,,,
,,,
,,,
,,,
,,,
,,,
,,,
,,,
,,,
,,,
,,,
,,,
,,,
,,,
,,,
,,,
,,,
,,,
,,,
,,,
,,,
,,,
,,,
,,,
,,,
,,,
,,,
,,,
,,,
,,,
,,,
,,,
,,,
,,,
,,,
,,,
,,,
,,,
,,,
,,,
,,,
,,,
,,,
,,,
,,,
,,,
,,,
,,,
,,,
,,,
,,,
,,,
,,,
,,,
,,,
,,,
,,,
,,,
,,,
,,,
,,,
,,,
,,,
,,,
,,,
,,,
,,,
,,,
,,,
,,,
,,,
,,,
,,,
,,,
,,,
,,,
,,,
,,,
,,,
,,,
,,,
,,,
,,,
,,,
,,,
,,,
,,,
,,,
,,,
,,,
,,,
,,,
,,,
,,,
,,,
,,,
,,,
,,,
,,,
,,,
,,,
,,,
,,,
,,,
,,,
,,,
,,,
,,,
,,,
,,,
,,,
,,,
,,,
,,,
,,,
,,,
,,,
,,,
,,,
,,,
,,,
,,,
,,,
,,,
,,,
,,,
,,,
,,,
,,,
,,,
,,,
,,,
,,,
,,,
,,,
,,,
,,,
,,,
,,,
,,,
,,,
,,,
,,,
,,,
,,,
,,,
,,,
,,,
,,,
,,,
,,,
,,,
,,,
,,,
,,,
,,,
,,,
,,,
,,,
,,,
,,,
,,,
,,,
,,,
,,,
,,,
,,,
,,,
,,,
,,,
,,,
,,,
,,,
,,,
,,,
,,,
,,,
,,,
,,,
,,,
,,,
,,,
,,,
,,,
,,,
,,,
,,,
,,,
,,,
,,,
,,,
,,,
,,,
,,,
,,,
,,,
,,,
,,,
,,,
,,,
,,,
,,,
,,,
,,,
,,,
,,,
,,,
,,,
,,,
,,,
,,,
,,,
,,,
,,,
,,,
,,,
,,,
,,,
,,,
,,,
,,,
,,,
,,,
,,,
,,,
,,,
